Experiment_Number,Experiment_Start,Experiment_End,Profile_name,Treatment,Incubator,Species,Well,Frond_count,Initial_weight,Final_weight,Program_mean,Obs_mean,Program_sd,Obs_sd,Gaps,Gap_size,Remarks
9,11-Nov-23,21-Nov-23,summer-constant-24,constant24,2,LM,1,16,0.00104,0.013,24,23.5,0,1.3,,,electrical shutdown in the building; remained at 20C for ~24h
9,11-Nov-23,21-Nov-23,summer-constant-24,constant24,2,LM,2,17,,,,,,,,,
9,11-Nov-23,21-Nov-23,summer-constant-24,constant24,2,LM,3,17,,,,,,,,,
9,11-Nov-23,21-Nov-23,summer-constant-24,constant24,2,LM,4,22,,,,,,,,,
9,11-Nov-23,21-Nov-23,summer-constant-24,constant24,2,LM,5,22,,,,,,,,,
9,11-Nov-23,21-Nov-23,summer-constant-24,constant24,2,LM,6,20,,,,,,,,,
9,11-Nov-23,21-Nov-23,summer-constant-24,constant24,2,LM,7,21,,,,,,,,,
9,11-Nov-23,21-Nov-23,summer-constant-24,constant24,2,LM,8,27,,,,,,,,,
9,11-Nov-23,21-Nov-23,summer-constant-24,constant24,2,LM,9,24,,,,,,,,,
9,11-Nov-23,21-Nov-23,summer-constant-24,constant24,2,LM,10,26,,,,,,,,,
9,11-Nov-23,21-Nov-23,summer-constant-24,constant24,2,LM,11,23,,,,,,,,,
9,11-Nov-23,21-Nov-23,summer-constant-24,constant24,2,LM,12,20,,,,,,,,,
9,11-Nov-23,21-Nov-23,summer-constant-24,constant24,2,LP,1,9,0.00058,0.0068,,,,,,,
9,11-Nov-23,21-Nov-23,summer-constant-24,constant24,2,LP,2,16,,,,,,,,,
9,11-Nov-23,21-Nov-23,summer-constant-24,constant24,2,LP,3,7,,,,,,,,,
9,11-Nov-23,21-Nov-23,summer-constant-24,constant24,2,LP,4,8,,,,,,,,,
9,11-Nov-23,21-Nov-23,summer-constant-24,constant24,2,LP,5,7,,,,,,,,,
9,11-Nov-23,21-Nov-23,summer-constant-24,constant24,2,LP,6,24,,,,,,,,,
9,11-Nov-23,21-Nov-23,summer-constant-24,constant24,2,LP,7,18,,,,,,,,,
9,11-Nov-23,21-Nov-23,summer-constant-24,constant24,2,LP,8,15,,,,,,,,,
9,11-Nov-23,21-Nov-23,summer-constant-24,constant24,2,LP,9,26,,,,,,,,,
9,11-Nov-23,21-Nov-23,summer-constant-24,constant24,2,LP,10,19,,,,,,,,,
9,11-Nov-23,21-Nov-23,summer-constant-24,constant24,2,LP,11,22,,,,,,,,,
9,11-Nov-23,21-Nov-23,summer-constant-24,constant24,2,LP,12,18,,,,,,,,,
9,11-Nov-23,21-Nov-23,summer-nw-27.5,nw275,3,LM,1,19,0.00104,0.01169,27.5,26.5,5.3,5.5,,,electrical shutdown in the building; remained at 20C for ~24h
9,11-Nov-23,21-Nov-23,summer-nw-27.5,nw275,3,LM,2,22,,,,,,,,,
9,11-Nov-23,21-Nov-23,summer-nw-27.5,nw275,3,LM,3,20,,,,,,,,,
9,11-Nov-23,21-Nov-23,summer-nw-27.5,nw275,3,LM,4,22,,,,,,,,,
9,11-Nov-23,21-Nov-23,summer-nw-27.5,nw275,3,LM,5,10,,,,,,,,,
9,11-Nov-23,21-Nov-23,summer-nw-27.5,nw275,3,LM,6,17,,,,,,,,,
9,11-Nov-23,21-Nov-23,summer-nw-27.5,nw275,3,LM,7,27,,,,,,,,,
9,11-Nov-23,21-Nov-23,summer-nw-27.5,nw275,3,LM,8,19,,,,,,,,,
9,11-Nov-23,21-Nov-23,summer-nw-27.5,nw275,3,LM,9,14,,,,,,,,,
9,11-Nov-23,21-Nov-23,summer-nw-27.5,nw275,3,LM,10,18,,,,,,,,,
9,11-Nov-23,21-Nov-23,summer-nw-27.5,nw275,3,LM,11,10,,,,,,,,,
9,11-Nov-23,21-Nov-23,summer-nw-27.5,nw275,3,LM,12,9,,,,,,,,,
9,11-Nov-23,21-Nov-23,summer-nw-27.5,nw275,3,LP,1,16,0.00058,0.00474,,,,,,,
9,11-Nov-23,21-Nov-23,summer-nw-27.5,nw275,3,LP,2,14,,,,,,,,,
9,11-Nov-23,21-Nov-23,summer-nw-27.5,nw275,3,LP,3,13,,,,,,,,,
9,11-Nov-23,21-Nov-23,summer-nw-27.5,nw275,3,LP,4,2,,,,,,,,,
9,11-Nov-23,21-Nov-23,summer-nw-27.5,nw275,3,LP,5,12,,,,,,,,,
9,11-Nov-23,21-Nov-23,summer-nw-27.5,nw275,3,LP,6,13,,,,,,,,,
9,11-Nov-23,21-Nov-23,summer-nw-27.5,nw275,3,LP,7,9,,,,,,,,,
9,11-Nov-23,21-Nov-23,summer-nw-27.5,nw275,3,LP,8,11,,,,,,,,,
9,11-Nov-23,21-Nov-23,summer-nw-27.5,nw275,3,LP,9,14,,,,,,,,,
9,11-Nov-23,21-Nov-23,summer-nw-27.5,nw275,3,LP,10,20,,,,,,,,,
9,11-Nov-23,21-Nov-23,summer-nw-27.5,nw275,3,LP,11,16,,,,,,,,,
9,11-Nov-23,21-Nov-23,summer-nw-27.5,nw275,3,LP,12,15,,,,,,,,,
9,11-Nov-23,21-Nov-23,summer-constant-27.5,constant275,4,LM,1,19,0.00104,0.01332,27.5,26.7,0.1,2.4,,,electrical shutdown in the building; remained at 20C for ~24h
9,11-Nov-23,21-Nov-23,summer-constant-27.5,constant275,4,LM,2,18,,,,,,,,,
9,11-Nov-23,21-Nov-23,summer-constant-27.5,constant275,4,LM,3,18,,,,,,,,,
9,11-Nov-23,21-Nov-23,summer-constant-27.5,constant275,4,LM,4,22,,,,,,,,,
9,11-Nov-23,21-Nov-23,summer-constant-27.5,constant275,4,LM,5,19,,,,,,,,,
9,11-Nov-23,21-Nov-23,summer-constant-27.5,constant275,4,LM,6,29,,,,,,,,,
9,11-Nov-23,21-Nov-23,summer-constant-27.5,constant275,4,LM,7,22,,,,,,,,,
9,11-Nov-23,21-Nov-23,summer-constant-27.5,constant275,4,LM,8,16,,,,,,,,,
9,11-Nov-23,21-Nov-23,summer-constant-27.5,constant275,4,LM,9,34,,,,,,,,,
9,11-Nov-23,21-Nov-23,summer-constant-27.5,constant275,4,LM,10,17,,,,,,,,,
9,11-Nov-23,21-Nov-23,summer-constant-27.5,constant275,4,LM,11,23,,,,,,,,,
9,11-Nov-23,21-Nov-23,summer-constant-27.5,constant275,4,LM,12,16,,,,,,,,,
9,11-Nov-23,21-Nov-23,summer-constant-27.5,constant275,4,LP,1,16,0.00058,0.00741,,,,,,,
9,11-Nov-23,21-Nov-23,summer-constant-27.5,constant275,4,LP,2,3,,,,,,,,,
9,11-Nov-23,21-Nov-23,summer-constant-27.5,constant275,4,LP,3,18,,,,,,,,,
9,11-Nov-23,21-Nov-23,summer-constant-27.5,constant275,4,LP,4,17,,,,,,,,,
9,11-Nov-23,21-Nov-23,summer-constant-27.5,constant275,4,LP,5,19,,,,,,,,,
9,11-Nov-23,21-Nov-23,summer-constant-27.5,constant275,4,LP,6,18,,,,,,,,,
9,11-Nov-23,21-Nov-23,summer-constant-27.5,constant275,4,LP,7,17,,,,,,,,,
9,11-Nov-23,21-Nov-23,summer-constant-27.5,constant275,4,LP,8,16,,,,,,,,,
9,11-Nov-23,21-Nov-23,summer-constant-27.5,constant275,4,LP,9,22,,,,,,,,,
9,11-Nov-23,21-Nov-23,summer-constant-27.5,constant275,4,LP,10,16,,,,,,,,,
9,11-Nov-23,21-Nov-23,summer-constant-27.5,constant275,4,LP,11,3,,,,,,,,,
9,11-Nov-23,21-Nov-23,summer-constant-27.5,constant275,4,LP,12,13,,,,,,,,,
9,11-Nov-23,21-Nov-23,summer-control-24,control24,6,LM,1,21,0.00104,0.0177,24,23.4,7.8,7.4,,,electrical shutdown in the building; remained at 20C for ~24h
9,11-Nov-23,21-Nov-23,summer-control-24,control24,6,LM,2,28,,,,,,,,,
9,11-Nov-23,21-Nov-23,summer-control-24,control24,6,LM,3,20,,,,,,,,,
9,11-Nov-23,21-Nov-23,summer-control-24,control24,6,LM,4,29,,,,,,,,,
9,11-Nov-23,21-Nov-23,summer-control-24,control24,6,LM,5,20,,,,,,,,,
9,11-Nov-23,21-Nov-23,summer-control-24,control24,6,LM,6,23,,,,,,,,,
9,11-Nov-23,21-Nov-23,summer-control-24,control24,6,LM,7,17,,,,,,,,,
9,11-Nov-23,21-Nov-23,summer-control-24,control24,6,LM,8,22,,,,,,,,,
9,11-Nov-23,21-Nov-23,summer-control-24,control24,6,LM,9,23,,,,,,,,,
9,11-Nov-23,21-Nov-23,summer-control-24,control24,6,LM,10,25,,,,,,,,,
9,11-Nov-23,21-Nov-23,summer-control-24,control24,6,LM,11,21,,,,,,,,,
9,11-Nov-23,21-Nov-23,summer-control-24,control24,6,LM,12,19,,,,,,,,,
9,11-Nov-23,21-Nov-23,summer-control-24,control24,6,LP,1,17,0.00058,0.0684,,,,,,,
9,11-Nov-23,21-Nov-23,summer-control-24,control24,6,LP,2,18,,,,,,,,,
9,11-Nov-23,21-Nov-23,summer-control-24,control24,6,LP,3,16,,,,,,,,,
9,11-Nov-23,21-Nov-23,summer-control-24,control24,6,LP,4,8,,,,,,,,,
9,11-Nov-23,21-Nov-23,summer-control-24,control24,6,LP,5,20,,,,,,,,,
9,11-Nov-23,21-Nov-23,summer-control-24,control24,6,LP,6,15,,,,,,,,,
9,11-Nov-23,21-Nov-23,summer-control-24,control24,6,LP,7,16,,,,,,,,,
9,11-Nov-23,21-Nov-23,summer-control-24,control24,6,LP,8,13,,,,,,,,,
9,11-Nov-23,21-Nov-23,summer-control-24,control24,6,LP,9,15,,,,,,,,,
9,11-Nov-23,21-Nov-23,summer-control-24,control24,6,LP,10,14,,,,,,,,,
9,11-Nov-23,21-Nov-23,summer-control-24,control24,6,LP,11,11,,,,,,,,,
9,11-Nov-23,21-Nov-23,summer-control-24,control24,6,LP,12,15,,,,,,,,,
10,2-Feb-24,12-Feb-24,summer-constant-24,constant24,2,LM,1,10,0.00073,0.00888,24,23.98,0,0.08,,,
10,2-Feb-24,12-Feb-24,summer-constant-24,constant24,2,LM,2,14,,,,,,,,,
10,2-Feb-24,12-Feb-24,summer-constant-24,constant24,2,LM,3,19,,,,,,,,,
10,2-Feb-24,12-Feb-24,summer-constant-24,constant24,2,LM,4,8,,,,,,,,,
10,2-Feb-24,12-Feb-24,summer-constant-24,constant24,2,LM,5,26,,,,,,,,,
10,2-Feb-24,12-Feb-24,summer-constant-24,constant24,2,LM,6,3,,,,,,,,,
10,2-Feb-24,12-Feb-24,summer-constant-24,constant24,2,LM,7,17,,,,,,,,,
10,2-Feb-24,12-Feb-24,summer-constant-24,constant24,2,LM,8,7,,,,,,,,,
10,2-Feb-24,12-Feb-24,summer-constant-24,constant24,2,LM,9,15,,,,,,,,,
10,2-Feb-24,12-Feb-24,summer-constant-24,constant24,2,LM,10,10,,,,,,,,,
10,2-Feb-24,12-Feb-24,summer-constant-24,constant24,2,LM,11,16,,,,,,,,,
10,2-Feb-24,12-Feb-24,summer-constant-24,constant24,2,LM,12,6,,,,,,,,,
10,2-Feb-24,12-Feb-24,summer-constant-24,constant24,2,LP,1,13,0.00076,0.00838,,,,,,,
10,2-Feb-24,12-Feb-24,summer-constant-24,constant24,2,LP,2,18,,,,,,,,,
10,2-Feb-24,12-Feb-24,summer-constant-24,constant24,2,LP,3,17,,,,,,,,,
10,2-Feb-24,12-Feb-24,summer-constant-24,constant24,2,LP,4,11,,,,,,,,,
10,2-Feb-24,12-Feb-24,summer-constant-24,constant24,2,LP,5,26,,,,,,,,,
10,2-Feb-24,12-Feb-24,summer-constant-24,constant24,2,LP,6,19,,,,,,,,,
10,2-Feb-24,12-Feb-24,summer-constant-24,constant24,2,LP,7,20,,,,,,,,,
10,2-Feb-24,12-Feb-24,summer-constant-24,constant24,2,LP,8,14,,,,,,,,,
10,2-Feb-24,12-Feb-24,summer-constant-24,constant24,2,LP,9,12,,,,,,,,,
10,2-Feb-24,12-Feb-24,summer-constant-24,constant24,2,LP,10,18,,,,,,,,,
10,2-Feb-24,12-Feb-24,summer-constant-24,constant24,2,LP,11,14,,,,,,,,,
10,2-Feb-24,12-Feb-24,summer-constant-24,constant24,2,LP,12,25,,,,,,,,,
10,2-Feb-24,12-Feb-24,summer-nw-27.5,nw275,3,LM,1,8,0.00073,0.01311,27.43,27.4,5.29,5.27,,,
10,2-Feb-24,12-Feb-24,summer-nw-27.5,nw275,3,LM,2,10,,,,,,,,,
10,2-Feb-24,12-Feb-24,summer-nw-27.5,nw275,3,LM,3,21,,,,,,,,,
10,2-Feb-24,12-Feb-24,summer-nw-27.5,nw275,3,LM,4,14,,,,,,,,,
10,2-Feb-24,12-Feb-24,summer-nw-27.5,nw275,3,LM,5,5,,,,,,,,,
10,2-Feb-24,12-Feb-24,summer-nw-27.5,nw275,3,LM,6,23,,,,,,,,,
10,2-Feb-24,12-Feb-24,summer-nw-27.5,nw275,3,LM,7,23,,,,,,,,,
10,2-Feb-24,12-Feb-24,summer-nw-27.5,nw275,3,LM,8,9,,,,,,,,,
10,2-Feb-24,12-Feb-24,summer-nw-27.5,nw275,3,LM,9,10,,,,,,,,,
10,2-Feb-24,12-Feb-24,summer-nw-27.5,nw275,3,LM,10,23,,,,,,,,,
10,2-Feb-24,12-Feb-24,summer-nw-27.5,nw275,3,LM,11,8,,,,,,,,,
10,2-Feb-24,12-Feb-24,summer-nw-27.5,nw275,3,LM,12,19,,,,,,,,,
10,2-Feb-24,12-Feb-24,summer-nw-27.5,nw275,3,LP,1,20,0.00076,0.00998,,,,,,,
10,2-Feb-24,12-Feb-24,summer-nw-27.5,nw275,3,LP,2,25,,,,,,,,,
10,2-Feb-24,12-Feb-24,summer-nw-27.5,nw275,3,LP,3,17,,,,,,,,,
10,2-Feb-24,12-Feb-24,summer-nw-27.5,nw275,3,LP,4,19,,,,,,,,,
10,2-Feb-24,12-Feb-24,summer-nw-27.5,nw275,3,LP,5,16,,,,,,,,,
10,2-Feb-24,12-Feb-24,summer-nw-27.5,nw275,3,LP,6,24,,,,,,,,,
10,2-Feb-24,12-Feb-24,summer-nw-27.5,nw275,3,LP,7,20,,,,,,,,,
10,2-Feb-24,12-Feb-24,summer-nw-27.5,nw275,3,LP,8,16,,,,,,,,,
10,2-Feb-24,12-Feb-24,summer-nw-27.5,nw275,3,LP,9,20,,,,,,,,,
10,2-Feb-24,12-Feb-24,summer-nw-27.5,nw275,3,LP,10,20,,,,,,,,,
10,2-Feb-24,12-Feb-24,summer-nw-27.5,nw275,3,LP,11,25,,,,,,,,,
10,2-Feb-24,12-Feb-24,summer-nw-27.5,nw275,3,LP,12,17,,,,,,,,,
10,2-Feb-24,12-Feb-24,summer-constant-27.5,constant275,4,LM,1,12,0.00073,0.01528,27.5,27.49,0,0.05,,,
10,2-Feb-24,12-Feb-24,summer-constant-27.5,constant275,4,LM,2,36,,,,,,,,,
10,2-Feb-24,12-Feb-24,summer-constant-27.5,constant275,4,LM,3,26,,,,,,,,,
10,2-Feb-24,12-Feb-24,summer-constant-27.5,constant275,4,LM,4,28,,,,,,,,,
10,2-Feb-24,12-Feb-24,summer-constant-27.5,constant275,4,LM,5,26,,,,,,,,,
10,2-Feb-24,12-Feb-24,summer-constant-27.5,constant275,4,LM,6,27,,,,,,,,,
10,2-Feb-24,12-Feb-24,summer-constant-27.5,constant275,4,LM,7,19,,,,,,,,,
10,2-Feb-24,12-Feb-24,summer-constant-27.5,constant275,4,LM,8,26,,,,,,,,,
10,2-Feb-24,12-Feb-24,summer-constant-27.5,constant275,4,LM,9,23,,,,,,,,,
10,2-Feb-24,12-Feb-24,summer-constant-27.5,constant275,4,LM,10,27,,,,,,,,,
10,2-Feb-24,12-Feb-24,summer-constant-27.5,constant275,4,LM,11,17,,,,,,,,,
10,2-Feb-24,12-Feb-24,summer-constant-27.5,constant275,4,LM,12,4,,,,,,,,,
10,2-Feb-24,12-Feb-24,summer-constant-27.5,constant275,4,LP,1,15,0.00076,0.01146,,,,,,,
10,2-Feb-24,12-Feb-24,summer-constant-27.5,constant275,4,LP,2,14,,,,,,,,,
10,2-Feb-24,12-Feb-24,summer-constant-27.5,constant275,4,LP,3,15,,,,,,,,,
10,2-Feb-24,12-Feb-24,summer-constant-27.5,constant275,4,LP,4,14,,,,,,,,,
10,2-Feb-24,12-Feb-24,summer-constant-27.5,constant275,4,LP,5,32,,,,,,,,,
10,2-Feb-24,12-Feb-24,summer-constant-27.5,constant275,4,LP,6,18,,,,,,,,,
10,2-Feb-24,12-Feb-24,summer-constant-27.5,constant275,4,LP,7,25,,,,,,,,,
10,2-Feb-24,12-Feb-24,summer-constant-27.5,constant275,4,LP,8,23,,,,,,,,,
10,2-Feb-24,12-Feb-24,summer-constant-27.5,constant275,4,LP,9,22,,,,,,,,,
10,2-Feb-24,12-Feb-24,summer-constant-27.5,constant275,4,LP,10,34,,,,,,,,,
10,2-Feb-24,12-Feb-24,summer-constant-27.5,constant275,4,LP,11,24,,,,,,,,,
10,2-Feb-24,12-Feb-24,summer-constant-27.5,constant275,4,LP,12,20,,,,,,,,,
10,2-Feb-24,12-Feb-24,summer-control-24,control24,6,LM,1,16,0.00073,0.01331,23.91,23.89,7.77,7.75,,,
10,2-Feb-24,12-Feb-24,summer-control-24,control24,6,LM,2,23,,,,,,,,,
10,2-Feb-24,12-Feb-24,summer-control-24,control24,6,LM,3,22,,,,,,,,,
10,2-Feb-24,12-Feb-24,summer-control-24,control24,6,LM,4,22,,,,,,,,,
10,2-Feb-24,12-Feb-24,summer-control-24,control24,6,LM,5,24,,,,,,,,,
10,2-Feb-24,12-Feb-24,summer-control-24,control24,6,LM,6,18,,,,,,,,,
10,2-Feb-24,12-Feb-24,summer-control-24,control24,6,LM,7,18,,,,,,,,,
10,2-Feb-24,12-Feb-24,summer-control-24,control24,6,LM,8,15,,,,,,,,,
10,2-Feb-24,12-Feb-24,summer-control-24,control24,6,LM,9,24,,,,,,,,,
10,2-Feb-24,12-Feb-24,summer-control-24,control24,6,LM,10,16,,,,,,,,,
10,2-Feb-24,12-Feb-24,summer-control-24,control24,6,LM,11,18,,,,,,,,,
10,2-Feb-24,12-Feb-24,summer-control-24,control24,6,LM,12,15,,,,,,,,,
10,2-Feb-24,12-Feb-24,summer-control-24,control24,6,LP,1,24,0.00076,0.00891,,,,,,,
10,2-Feb-24,12-Feb-24,summer-control-24,control24,6,LP,2,22,,,,,,,,,
10,2-Feb-24,12-Feb-24,summer-control-24,control24,6,LP,3,13,,,,,,,,,
10,2-Feb-24,12-Feb-24,summer-control-24,control24,6,LP,4,16,,,,,,,,,
10,2-Feb-24,12-Feb-24,summer-control-24,control24,6,LP,5,13,,,,,,,,,
10,2-Feb-24,12-Feb-24,summer-control-24,control24,6,LP,6,13,,,,,,,,,
10,2-Feb-24,12-Feb-24,summer-control-24,control24,6,LP,7,30,,,,,,,,,
10,2-Feb-24,12-Feb-24,summer-control-24,control24,6,LP,8,2,,,,,,,,,
10,2-Feb-24,12-Feb-24,summer-control-24,control24,6,LP,9,21,,,,,,,,,
10,2-Feb-24,12-Feb-24,summer-control-24,control24,6,LP,10,2,,,,,,,,,
10,2-Feb-24,12-Feb-24,summer-control-24,control24,6,LP,11,17,,,,,,,,,
10,2-Feb-24,12-Feb-24,summer-control-24,control24,6,LP,12,24,,,,,,,,,
11,26-Feb-24,7-Mar-24,summer-control-24,control24,2,LM,1,8,0.00076,0.00988,23.95,23.93,7.78,7.77,,,
11,26-Feb-24,7-Mar-24,summer-control-24,control24,2,LM,2,15,,,,,,,,,
11,26-Feb-24,7-Mar-24,summer-control-24,control24,2,LM,3,18,,,,,,,,,
11,26-Feb-24,7-Mar-24,summer-control-24,control24,2,LM,4,13,,,,,,,,,
11,26-Feb-24,7-Mar-24,summer-control-24,control24,2,LM,5,9,,,,,,,,,
11,26-Feb-24,7-Mar-24,summer-control-24,control24,2,LM,6,9,,,,,,,,,
11,26-Feb-24,7-Mar-24,summer-control-24,control24,2,LM,7,18,,,,,,,,,
11,26-Feb-24,7-Mar-24,summer-control-24,control24,2,LM,8,10,,,,,,,,,
11,26-Feb-24,7-Mar-24,summer-control-24,control24,2,LM,9,12,,,,,,,,,
11,26-Feb-24,7-Mar-24,summer-control-24,control24,2,LM,10,15,,,,,,,,,
11,26-Feb-24,7-Mar-24,summer-control-24,control24,2,LM,11,9,,,,,,,,,
11,26-Feb-24,7-Mar-24,summer-control-24,control24,2,LM,12,12,,,,,,,,,
11,26-Feb-24,7-Mar-24,summer-control-24,control24,2,LP,1,8,0.00054,0.00587,,,,,,,
11,26-Feb-24,7-Mar-24,summer-control-24,control24,2,LP,2,13,,,,,,,,,
11,26-Feb-24,7-Mar-24,summer-control-24,control24,2,LP,3,15,,,,,,,,,
11,26-Feb-24,7-Mar-24,summer-control-24,control24,2,LP,4,2,,,,,,,,,
11,26-Feb-24,7-Mar-24,summer-control-24,control24,2,LP,5,13,,,,,,,,,
11,26-Feb-24,7-Mar-24,summer-control-24,control24,2,LP,6,10,,,,,,,,,
11,26-Feb-24,7-Mar-24,summer-control-24,control24,2,LP,7,10,,,,,,,,,
11,26-Feb-24,7-Mar-24,summer-control-24,control24,2,LP,8,9,,,,,,,,,
11,26-Feb-24,7-Mar-24,summer-control-24,control24,2,LP,9,9,,,,,,,,,
11,26-Feb-24,7-Mar-24,summer-control-24,control24,2,LP,10,10,,,,,,,,,
11,26-Feb-24,7-Mar-24,summer-control-24,control24,2,LP,11,10,,,,,,,,,
11,26-Feb-24,7-Mar-24,summer-control-24,control24,2,LP,12,12,,,,,,,,,
11,26-Feb-24,7-Mar-24,summer-nw-27.5,nw275,3,LM,1,14,0.00076,0.01059,27.46,27.42,5.3,5.3,,,
11,26-Feb-24,7-Mar-24,summer-nw-27.5,nw275,3,LM,2,18,,,,,,,,,
11,26-Feb-24,7-Mar-24,summer-nw-27.5,nw275,3,LM,3,18,,,,,,,,,
11,26-Feb-24,7-Mar-24,summer-nw-27.5,nw275,3,LM,4,10,,,,,,,,,
11,26-Feb-24,7-Mar-24,summer-nw-27.5,nw275,3,LM,5,9,,,,,,,,,
11,26-Feb-24,7-Mar-24,summer-nw-27.5,nw275,3,LM,6,25,,,,,,,,,
11,26-Feb-24,7-Mar-24,summer-nw-27.5,nw275,3,LM,7,19,,,,,,,,,
11,26-Feb-24,7-Mar-24,summer-nw-27.5,nw275,3,LM,8,14,,,,,,,,,
11,26-Feb-24,7-Mar-24,summer-nw-27.5,nw275,3,LM,9,14,,,,,,,,,
11,26-Feb-24,7-Mar-24,summer-nw-27.5,nw275,3,LM,10,16,,,,,,,,,
11,26-Feb-24,7-Mar-24,summer-nw-27.5,nw275,3,LM,11,16,,,,,,,,,
11,26-Feb-24,7-Mar-24,summer-nw-27.5,nw275,3,LM,12,6,,,,,,,,,
11,26-Feb-24,7-Mar-24,summer-nw-27.5,nw275,3,LP,1,3,0.00054,0.00456,,,,,,,
11,26-Feb-24,7-Mar-24,summer-nw-27.5,nw275,3,LP,2,16,,,,,,,,,
11,26-Feb-24,7-Mar-24,summer-nw-27.5,nw275,3,LP,3,9,,,,,,,,,
11,26-Feb-24,7-Mar-24,summer-nw-27.5,nw275,3,LP,4,13,,,,,,,,,
11,26-Feb-24,7-Mar-24,summer-nw-27.5,nw275,3,LP,5,13,,,,,,,,,
11,26-Feb-24,7-Mar-24,summer-nw-27.5,nw275,3,LP,6,17,,,,,,,,,
11,26-Feb-24,7-Mar-24,summer-nw-27.5,nw275,3,LP,7,7,,,,,,,,,
11,26-Feb-24,7-Mar-24,summer-nw-27.5,nw275,3,LP,8,13,,,,,,,,,
11,26-Feb-24,7-Mar-24,summer-nw-27.5,nw275,3,LP,9,16,,,,,,,,,
11,26-Feb-24,7-Mar-24,summer-nw-27.5,nw275,3,LP,10,16,,,,,,,,,
11,26-Feb-24,7-Mar-24,summer-nw-27.5,nw275,3,LP,11,11,,,,,,,,,
11,26-Feb-24,7-Mar-24,summer-nw-27.5,nw275,3,LP,12,9,,,,,,,,,
11,26-Feb-24,7-Mar-24,summer-constant-24,constant24,4,LM,1,15,0.00076,0.0107,24,23.99,0,0.05,,,
11,26-Feb-24,7-Mar-24,summer-constant-24,constant24,4,LM,2,17,,,,,,,,,
11,26-Feb-24,7-Mar-24,summer-constant-24,constant24,4,LM,3,14,,,,,,,,,
11,26-Feb-24,7-Mar-24,summer-constant-24,constant24,4,LM,4,16,,,,,,,,,
11,26-Feb-24,7-Mar-24,summer-constant-24,constant24,4,LM,5,10,,,,,,,,,
11,26-Feb-24,7-Mar-24,summer-constant-24,constant24,4,LM,6,14,,,,,,,,,
11,26-Feb-24,7-Mar-24,summer-constant-24,constant24,4,LM,7,10,,,,,,,,,
11,26-Feb-24,7-Mar-24,summer-constant-24,constant24,4,LM,8,9,,,,,,,,,
11,26-Feb-24,7-Mar-24,summer-constant-24,constant24,4,LM,9,27,,,,,,,,,
11,26-Feb-24,7-Mar-24,summer-constant-24,constant24,4,LM,10,24,,,,,,,,,
11,26-Feb-24,7-Mar-24,summer-constant-24,constant24,4,LM,11,15,,,,,,,,,
11,26-Feb-24,7-Mar-24,summer-constant-24,constant24,4,LM,12,15,,,,,,,,,
11,26-Feb-24,7-Mar-24,summer-constant-24,constant24,4,LP,1,10,0.00054,0.00763,,,,,,,
11,26-Feb-24,7-Mar-24,summer-constant-24,constant24,4,LP,2,13,,,,,,,,,
11,26-Feb-24,7-Mar-24,summer-constant-24,constant24,4,LP,3,9,,,,,,,,,
11,26-Feb-24,7-Mar-24,summer-constant-24,constant24,4,LP,4,13,,,,,,,,,
11,26-Feb-24,7-Mar-24,summer-constant-24,constant24,4,LP,5,16,,,,,,,,,
11,26-Feb-24,7-Mar-24,summer-constant-24,constant24,4,LP,6,9,,,,,,,,,
11,26-Feb-24,7-Mar-24,summer-constant-24,constant24,4,LP,7,19,,,,,,,,,
11,26-Feb-24,7-Mar-24,summer-constant-24,constant24,4,LP,8,11,,,,,,,,,
11,26-Feb-24,7-Mar-24,summer-constant-24,constant24,4,LP,9,18,,,,,,,,,
11,26-Feb-24,7-Mar-24,summer-constant-24,constant24,4,LP,10,22,,,,,,,,,
11,26-Feb-24,7-Mar-24,summer-constant-24,constant24,4,LP,11,9,,,,,,,,,
11,26-Feb-24,7-Mar-24,summer-constant-24,constant24,4,LP,12,3,,,,,,,,,
11,26-Feb-24,7-Mar-24,summer-constant-27.5,constant275,6,LM,1,21,0.00076,0.01554,27.5,27.5,0,0.05,,,
11,26-Feb-24,7-Mar-24,summer-constant-27.5,constant275,6,LM,2,28,,,,,,,,,
11,26-Feb-24,7-Mar-24,summer-constant-27.5,constant275,6,LM,3,26,,,,,,,,,
11,26-Feb-24,7-Mar-24,summer-constant-27.5,constant275,6,LM,4,26,,,,,,,,,
11,26-Feb-24,7-Mar-24,summer-constant-27.5,constant275,6,LM,5,24,,,,,,,,,
11,26-Feb-24,7-Mar-24,summer-constant-27.5,constant275,6,LM,6,16,,,,,,,,,
11,26-Feb-24,7-Mar-24,summer-constant-27.5,constant275,6,LM,7,29,,,,,,,,,
11,26-Feb-24,7-Mar-24,summer-constant-27.5,constant275,6,LM,8,17,,,,,,,,,
11,26-Feb-24,7-Mar-24,summer-constant-27.5,constant275,6,LM,9,26,,,,,,,,,
11,26-Feb-24,7-Mar-24,summer-constant-27.5,constant275,6,LM,10,27,,,,,,,,,
11,26-Feb-24,7-Mar-24,summer-constant-27.5,constant275,6,LM,11,24,,,,,,,,,
11,26-Feb-24,7-Mar-24,summer-constant-27.5,constant275,6,LM,12,14,,,,,,,,,
11,26-Feb-24,7-Mar-24,summer-constant-27.5,constant275,6,LP,1,12,0.00054,0.0068,,,,,,,
11,26-Feb-24,7-Mar-24,summer-constant-27.5,constant275,6,LP,2,22,,,,,,,,,
11,26-Feb-24,7-Mar-24,summer-constant-27.5,constant275,6,LP,3,23,,,,,,,,,
11,26-Feb-24,7-Mar-24,summer-constant-27.5,constant275,6,LP,4,9,,,,,,,,,
11,26-Feb-24,7-Mar-24,summer-constant-27.5,constant275,6,LP,5,11,,,,,,,,,
11,26-Feb-24,7-Mar-24,summer-constant-27.5,constant275,6,LP,6,8,,,,,,,,,
11,26-Feb-24,7-Mar-24,summer-constant-27.5,constant275,6,LP,7,14,,,,,,,,,
11,26-Feb-24,7-Mar-24,summer-constant-27.5,constant275,6,LP,8,11,,,,,,,,,
11,26-Feb-24,7-Mar-24,summer-constant-27.5,constant275,6,LP,9,22,,,,,,,,,
11,26-Feb-24,7-Mar-24,summer-constant-27.5,constant275,6,LP,10,4,,,,,,,,,
11,26-Feb-24,7-Mar-24,summer-constant-27.5,constant275,6,LP,11,1,,,,,,,,,
11,26-Feb-24,7-Mar-24,summer-constant-27.5,constant275,6,LP,12,7,,,,,,,,,
12,8-Mar-24,18-Mar-24,summer-control-24,control24,2,LM,1,16,0.00174,0.01113,23.89,23.86,7.56,7.52,,,
12,8-Mar-24,18-Mar-24,summer-control-24,control24,2,LM,2,8,,,,,,,,,
12,8-Mar-24,18-Mar-24,summer-control-24,control24,2,LM,3,10,,,,,,,,,
12,8-Mar-24,18-Mar-24,summer-control-24,control24,2,LM,4,9,,,,,,,,,
12,8-Mar-24,18-Mar-24,summer-control-24,control24,2,LM,5,15,,,,,,,,,
12,8-Mar-24,18-Mar-24,summer-control-24,control24,2,LM,6,13,,,,,,,,,
12,8-Mar-24,18-Mar-24,summer-control-24,control24,2,LM,7,19,,,,,,,,,
12,8-Mar-24,18-Mar-24,summer-control-24,control24,2,LM,8,18,,,,,,,,,
12,8-Mar-24,18-Mar-24,summer-control-24,control24,2,LM,9,10,,,,,,,,,
12,8-Mar-24,18-Mar-24,summer-control-24,control24,2,LM,10,23,,,,,,,,,
12,8-Mar-24,18-Mar-24,summer-control-24,control24,2,LM,11,24,,,,,,,,,
12,8-Mar-24,18-Mar-24,summer-control-24,control24,2,LM,12,17,,,,,,,,,
12,8-Mar-24,18-Mar-24,summer-control-24,control24,2,LP,1,14,0.00069,0.00416,,,,,,,
12,8-Mar-24,18-Mar-24,summer-control-24,control24,2,LP,2,8,,,,,,,,,
12,8-Mar-24,18-Mar-24,summer-control-24,control24,2,LP,3,7,,,,,,,,,
12,8-Mar-24,18-Mar-24,summer-control-24,control24,2,LP,4,9,,,,,,,,,
12,8-Mar-24,18-Mar-24,summer-control-24,control24,2,LP,5,12,,,,,,,,,
12,8-Mar-24,18-Mar-24,summer-control-24,control24,2,LP,6,7,,,,,,,,,
12,8-Mar-24,18-Mar-24,summer-control-24,control24,2,LP,7,17,,,,,,,,,
12,8-Mar-24,18-Mar-24,summer-control-24,control24,2,LP,8,6,,,,,,,,,
12,8-Mar-24,18-Mar-24,summer-control-24,control24,2,LP,9,5,,,,,,,,,
12,8-Mar-24,18-Mar-24,summer-control-24,control24,2,LP,10,18,,,,,,,,,
12,8-Mar-24,18-Mar-24,summer-control-24,control24,2,LP,11,8,,,,,,,,,
12,8-Mar-24,18-Mar-24,summer-control-24,control24,2,LP,12,13,,,,,,,,,
12,8-Mar-24,18-Mar-24,summer-constant-24,constant24,3,LM,1,15,0.00174,0.00601,23.73,23.72,1,1,,,
12,8-Mar-24,18-Mar-24,summer-constant-24,constant24,3,LM,2,13,,,,,,,,,
12,8-Mar-24,18-Mar-24,summer-constant-24,constant24,3,LM,3,13,,,,,,,,,
12,8-Mar-24,18-Mar-24,summer-constant-24,constant24,3,LM,4,11,,,,,,,,,
12,8-Mar-24,18-Mar-24,summer-constant-24,constant24,3,LM,5,16,,,,,,,,,
12,8-Mar-24,18-Mar-24,summer-constant-24,constant24,3,LM,6,10,,,,,,,,,
12,8-Mar-24,18-Mar-24,summer-constant-24,constant24,3,LM,7,13,,,,,,,,,
12,8-Mar-24,18-Mar-24,summer-constant-24,constant24,3,LM,8,15,,,,,,,,,
12,8-Mar-24,18-Mar-24,summer-constant-24,constant24,3,LM,9,9,,,,,,,,,
12,8-Mar-24,18-Mar-24,summer-constant-24,constant24,3,LM,10,8,,,,,,,,,
12,8-Mar-24,18-Mar-24,summer-constant-24,constant24,3,LM,11,12,,,,,,,,,
12,8-Mar-24,18-Mar-24,summer-constant-24,constant24,3,LM,12,19,,,,,,,,,
12,8-Mar-24,18-Mar-24,summer-constant-24,constant24,3,LP,1,7,0.00069,0.00387,,,,,,,
12,8-Mar-24,18-Mar-24,summer-constant-24,constant24,3,LP,2,8,,,,,,,,,
12,8-Mar-24,18-Mar-24,summer-constant-24,constant24,3,LP,3,11,,,,,,,,,
12,8-Mar-24,18-Mar-24,summer-constant-24,constant24,3,LP,4,9,,,,,,,,,
12,8-Mar-24,18-Mar-24,summer-constant-24,constant24,3,LP,5,6,,,,,,,,,
12,8-Mar-24,18-Mar-24,summer-constant-24,constant24,3,LP,6,7,,,,,,,,,
12,8-Mar-24,18-Mar-24,summer-constant-24,constant24,3,LP,7,12,,,,,,,,,
12,8-Mar-24,18-Mar-24,summer-constant-24,constant24,3,LP,8,0,,,,,,,,,
12,8-Mar-24,18-Mar-24,summer-constant-24,constant24,3,LP,9,18,,,,,,,,,
12,8-Mar-24,18-Mar-24,summer-constant-24,constant24,3,LP,10,13,,,,,,,,,
12,8-Mar-24,18-Mar-24,summer-constant-24,constant24,3,LP,11,17,,,,,,,,,
12,8-Mar-24,18-Mar-24,summer-constant-24,constant24,3,LP,12,15,,,,,,,,,
12,8-Mar-24,18-Mar-24,summer-nw-27.5,nw275,4,LM,1,14,0.00174,0.01348,27.09,27.06,5.45,5.43,,,
12,8-Mar-24,18-Mar-24,summer-nw-27.5,nw275,4,LM,2,16,,,,,,,,,
12,8-Mar-24,18-Mar-24,summer-nw-27.5,nw275,4,LM,3,23,,,,,,,,,
12,8-Mar-24,18-Mar-24,summer-nw-27.5,nw275,4,LM,4,8,,,,,,,,,
12,8-Mar-24,18-Mar-24,summer-nw-27.5,nw275,4,LM,5,23,,,,,,,,,
12,8-Mar-24,18-Mar-24,summer-nw-27.5,nw275,4,LM,6,26,,,,,,,,,
12,8-Mar-24,18-Mar-24,summer-nw-27.5,nw275,4,LM,7,19,,,,,,,,,
12,8-Mar-24,18-Mar-24,summer-nw-27.5,nw275,4,LM,8,11,,,,,,,,,
12,8-Mar-24,18-Mar-24,summer-nw-27.5,nw275,4,LM,9,16,,,,,,,,,
12,8-Mar-24,18-Mar-24,summer-nw-27.5,nw275,4,LM,10,29,,,,,,,,,
12,8-Mar-24,18-Mar-24,summer-nw-27.5,nw275,4,LM,11,22,,,,,,,,,
12,8-Mar-24,18-Mar-24,summer-nw-27.5,nw275,4,LM,12,11,,,,,,,,,
12,8-Mar-24,18-Mar-24,summer-nw-27.5,nw275,4,LP,1,11,0.00069,0.00577,,,,,,,
12,8-Mar-24,18-Mar-24,summer-nw-27.5,nw275,4,LP,2,20,,,,,,,,,
12,8-Mar-24,18-Mar-24,summer-nw-27.5,nw275,4,LP,3,16,,,,,,,,,
12,8-Mar-24,18-Mar-24,summer-nw-27.5,nw275,4,LP,4,11,,,,,,,,,
12,8-Mar-24,18-Mar-24,summer-nw-27.5,nw275,4,LP,5,9,,,,,,,,,
12,8-Mar-24,18-Mar-24,summer-nw-27.5,nw275,4,LP,6,13,,,,,,,,,
12,8-Mar-24,18-Mar-24,summer-nw-27.5,nw275,4,LP,7,9,,,,,,,,,
12,8-Mar-24,18-Mar-24,summer-nw-27.5,nw275,4,LP,8,12,,,,,,,,,
12,8-Mar-24,18-Mar-24,summer-nw-27.5,nw275,4,LP,9,13,,,,,,,,,
12,8-Mar-24,18-Mar-24,summer-nw-27.5,nw275,4,LP,10,19,,,,,,,,,
12,8-Mar-24,18-Mar-24,summer-nw-27.5,nw275,4,LP,11,17,,,,,,,,,
12,8-Mar-24,18-Mar-24,summer-nw-27.5,nw275,4,LP,12,1,,,,,,,,,
12,8-Mar-24,18-Mar-24,summer-constant-27.5,constant275,6,LM,1,13,0.00174,0.01189,26.99,26.99,1.88,1.88,,,
12,8-Mar-24,18-Mar-24,summer-constant-27.5,constant275,6,LM,2,31,,,,,,,,,
12,8-Mar-24,18-Mar-24,summer-constant-27.5,constant275,6,LM,3,25,,,,,,,,,
12,8-Mar-24,18-Mar-24,summer-constant-27.5,constant275,6,LM,4,25,,,,,,,,,
12,8-Mar-24,18-Mar-24,summer-constant-27.5,constant275,6,LM,5,17,,,,,,,,,
12,8-Mar-24,18-Mar-24,summer-constant-27.5,constant275,6,LM,6,16,,,,,,,,,
12,8-Mar-24,18-Mar-24,summer-constant-27.5,constant275,6,LM,7,28,,,,,,,,,
12,8-Mar-24,18-Mar-24,summer-constant-27.5,constant275,6,LM,8,21,,,,,,,,,
12,8-Mar-24,18-Mar-24,summer-constant-27.5,constant275,6,LM,9,20,,,,,,,,,
12,8-Mar-24,18-Mar-24,summer-constant-27.5,constant275,6,LM,10,16,,,,,,,,,
12,8-Mar-24,18-Mar-24,summer-constant-27.5,constant275,6,LM,11,22,,,,,,,,,
12,8-Mar-24,18-Mar-24,summer-constant-27.5,constant275,6,LM,12,30,,,,,,,,,
12,8-Mar-24,18-Mar-24,summer-constant-27.5,constant275,6,LP,1,24,0.00069,0.00712,,,,,,,
12,8-Mar-24,18-Mar-24,summer-constant-27.5,constant275,6,LP,2,21,,,,,,,,,
12,8-Mar-24,18-Mar-24,summer-constant-27.5,constant275,6,LP,3,8,,,,,,,,,
12,8-Mar-24,18-Mar-24,summer-constant-27.5,constant275,6,LP,4,14,,,,,,,,,
12,8-Mar-24,18-Mar-24,summer-constant-27.5,constant275,6,LP,5,10,,,,,,,,,
12,8-Mar-24,18-Mar-24,summer-constant-27.5,constant275,6,LP,6,16,,,,,,,,,
12,8-Mar-24,18-Mar-24,summer-constant-27.5,constant275,6,LP,7,15,,,,,,,,,
12,8-Mar-24,18-Mar-24,summer-constant-27.5,constant275,6,LP,8,12,,,,,,,,,
12,8-Mar-24,18-Mar-24,summer-constant-27.5,constant275,6,LP,9,12,,,,,,,,,
12,8-Mar-24,18-Mar-24,summer-constant-27.5,constant275,6,LP,10,20,,,,,,,,,
12,8-Mar-24,18-Mar-24,summer-constant-27.5,constant275,6,LP,11,20,,,,,,,,,
12,8-Mar-24,18-Mar-24,summer-constant-27.5,constant275,6,LP,12,16,,,,,,,,,
13,18-Mar-24,28-Mar-24,summer-control-24,control24,2,LM,1,22,0.0011,0.01398,23.95,23.93,7.78,7.78,,,
13,18-Mar-24,28-Mar-24,summer-control-24,control24,2,LM,2,19,,,,,,,,,
13,18-Mar-24,28-Mar-24,summer-control-24,control24,2,LM,3,22,,,,,,,,,
13,18-Mar-24,28-Mar-24,summer-control-24,control24,2,LM,4,22,,,,,,,,,
13,18-Mar-24,28-Mar-24,summer-control-24,control24,2,LM,5,15,,,,,,,,,
13,18-Mar-24,28-Mar-24,summer-control-24,control24,2,LM,6,15,,,,,,,,,
13,18-Mar-24,28-Mar-24,summer-control-24,control24,2,LM,7,23,,,,,,,,,
13,18-Mar-24,28-Mar-24,summer-control-24,control24,2,LM,8,17,,,,,,,,,
13,18-Mar-24,28-Mar-24,summer-control-24,control24,2,LM,9,16,,,,,,,,,
13,18-Mar-24,28-Mar-24,summer-control-24,control24,2,LM,10,16,,,,,,,,,
13,18-Mar-24,28-Mar-24,summer-control-24,control24,2,LM,11,16,,,,,,,,,
13,18-Mar-24,28-Mar-24,summer-control-24,control24,2,LM,12,10,,,,,,,,,
13,18-Mar-24,28-Mar-24,summer-control-24,control24,2,LP,1,13,0.00063,0.00473,,,,,,,
13,18-Mar-24,28-Mar-24,summer-control-24,control24,2,LP,2,15,,,,,,,,,
13,18-Mar-24,28-Mar-24,summer-control-24,control24,2,LP,3,18,,,,,,,,,
13,18-Mar-24,28-Mar-24,summer-control-24,control24,2,LP,4,9,,,,,,,,,
13,18-Mar-24,28-Mar-24,summer-control-24,control24,2,LP,5,10,,,,,,,,,
13,18-Mar-24,28-Mar-24,summer-control-24,control24,2,LP,6,12,,,,,,,,,
13,18-Mar-24,28-Mar-24,summer-control-24,control24,2,LP,7,14,,,,,,,,,
13,18-Mar-24,28-Mar-24,summer-control-24,control24,2,LP,8,10,,,,,,,,,
13,18-Mar-24,28-Mar-24,summer-control-24,control24,2,LP,9,16,,,,,,,,,
13,18-Mar-24,28-Mar-24,summer-control-24,control24,2,LP,10,15,,,,,,,,,
13,18-Mar-24,28-Mar-24,summer-control-24,control24,2,LP,11,7,,,,,,,,,
13,18-Mar-24,28-Mar-24,summer-control-24,control24,2,LP,12,9,,,,,,,,,
13,18-Mar-24,28-Mar-24,summer-nw-27.5,nw275,3,LM,1,15,0.0011,0.0123,27.46,27.43,5.3,5.29,,,
13,18-Mar-24,28-Mar-24,summer-nw-27.5,nw275,3,LM,2,17,,,,,,,,,
13,18-Mar-24,28-Mar-24,summer-nw-27.5,nw275,3,LM,3,24,,,,,,,,,
13,18-Mar-24,28-Mar-24,summer-nw-27.5,nw275,3,LM,4,15,,,,,,,,,
13,18-Mar-24,28-Mar-24,summer-nw-27.5,nw275,3,LM,5,17,,,,,,,,,
13,18-Mar-24,28-Mar-24,summer-nw-27.5,nw275,3,LM,6,25,,,,,,,,,
13,18-Mar-24,28-Mar-24,summer-nw-27.5,nw275,3,LM,7,19,,,,,,,,,
13,18-Mar-24,28-Mar-24,summer-nw-27.5,nw275,3,LM,8,15,,,,,,,,,
13,18-Mar-24,28-Mar-24,summer-nw-27.5,nw275,3,LM,9,23,,,,,,,,,
13,18-Mar-24,28-Mar-24,summer-nw-27.5,nw275,3,LM,10,23,,,,,,,,,
13,18-Mar-24,28-Mar-24,summer-nw-27.5,nw275,3,LM,11,28,,,,,,,,,
13,18-Mar-24,28-Mar-24,summer-nw-27.5,nw275,3,LM,12,19,,,,,,,,,
13,18-Mar-24,28-Mar-24,summer-nw-27.5,nw275,3,LP,1,18,0.00063,0.00662,,,,,,,
13,18-Mar-24,28-Mar-24,summer-nw-27.5,nw275,3,LP,2,16,,,,,,,,,
13,18-Mar-24,28-Mar-24,summer-nw-27.5,nw275,3,LP,3,21,,,,,,,,,
13,18-Mar-24,28-Mar-24,summer-nw-27.5,nw275,3,LP,4,16,,,,,,,,,
13,18-Mar-24,28-Mar-24,summer-nw-27.5,nw275,3,LP,5,14,,,,,,,,,
13,18-Mar-24,28-Mar-24,summer-nw-27.5,nw275,3,LP,6,14,,,,,,,,,
13,18-Mar-24,28-Mar-24,summer-nw-27.5,nw275,3,LP,7,17,,,,,,,,,
13,18-Mar-24,28-Mar-24,summer-nw-27.5,nw275,3,LP,8,16,,,,,,,,,
13,18-Mar-24,28-Mar-24,summer-nw-27.5,nw275,3,LP,9,13,,,,,,,,,
13,18-Mar-24,28-Mar-24,summer-nw-27.5,nw275,3,LP,10,13,,,,,,,,,
13,18-Mar-24,28-Mar-24,summer-nw-27.5,nw275,3,LP,11,16,,,,,,,,,
13,18-Mar-24,28-Mar-24,summer-nw-27.5,nw275,3,LP,12,9,,,,,,,,,
13,18-Mar-24,28-Mar-24,summer-constant-24,constant24,4,LM,1,14,0.0011,0.01096,24,23.99,0,0.05,,,
13,18-Mar-24,28-Mar-24,summer-constant-24,constant24,4,LM,2,15,,,,,,,,,
13,18-Mar-24,28-Mar-24,summer-constant-24,constant24,4,LM,3,20,,,,,,,,,
13,18-Mar-24,28-Mar-24,summer-constant-24,constant24,4,LM,4,20,,,,,,,,,
13,18-Mar-24,28-Mar-24,summer-constant-24,constant24,4,LM,5,25,,,,,,,,,
13,18-Mar-24,28-Mar-24,summer-constant-24,constant24,4,LM,6,23,,,,,,,,,
13,18-Mar-24,28-Mar-24,summer-constant-24,constant24,4,LM,7,19,,,,,,,,,
13,18-Mar-24,28-Mar-24,summer-constant-24,constant24,4,LM,8,21,,,,,,,,,
13,18-Mar-24,28-Mar-24,summer-constant-24,constant24,4,LM,9,17,,,,,,,,,
13,18-Mar-24,28-Mar-24,summer-constant-24,constant24,4,LM,10,28,,,,,,,,,
13,18-Mar-24,28-Mar-24,summer-constant-24,constant24,4,LM,11,17,,,,,,,,,
13,18-Mar-24,28-Mar-24,summer-constant-24,constant24,4,LM,12,16,,,,,,,,,
13,18-Mar-24,28-Mar-24,summer-constant-24,constant24,4,LP,1,16,0.00063,0.0083,,,,,,,
13,18-Mar-24,28-Mar-24,summer-constant-24,constant24,4,LP,2,24,,,,,,,,,
13,18-Mar-24,28-Mar-24,summer-constant-24,constant24,4,LP,3,22,,,,,,,,,
13,18-Mar-24,28-Mar-24,summer-constant-24,constant24,4,LP,4,18,,,,,,,,,
13,18-Mar-24,28-Mar-24,summer-constant-24,constant24,4,LP,5,14,,,,,,,,,
13,18-Mar-24,28-Mar-24,summer-constant-24,constant24,4,LP,6,24,,,,,,,,,
13,18-Mar-24,28-Mar-24,summer-constant-24,constant24,4,LP,7,19,,,,,,,,,
13,18-Mar-24,28-Mar-24,summer-constant-24,constant24,4,LP,8,18,,,,,,,,,
13,18-Mar-24,28-Mar-24,summer-constant-24,constant24,4,LP,9,23,,,,,,,,,
13,18-Mar-24,28-Mar-24,summer-constant-24,constant24,4,LP,10,14,,,,,,,,,
13,18-Mar-24,28-Mar-24,summer-constant-24,constant24,4,LP,11,18,,,,,,,,,
13,18-Mar-24,28-Mar-24,summer-constant-24,constant24,4,LP,12,13,,,,,,,,,
13,18-Mar-24,28-Mar-24,summer-constant-27.5,constant275,6,LM,1,25,0.0011,0.01633,27.5,27.49,0,0.05,,,
13,18-Mar-24,28-Mar-24,summer-constant-27.5,constant275,6,LM,2,26,,,,,,,,,
13,18-Mar-24,28-Mar-24,summer-constant-27.5,constant275,6,LM,3,24,,,,,,,,,
13,18-Mar-24,28-Mar-24,summer-constant-27.5,constant275,6,LM,4,29,,,,,,,,,
13,18-Mar-24,28-Mar-24,summer-constant-27.5,constant275,6,LM,5,25,,,,,,,,,
13,18-Mar-24,28-Mar-24,summer-constant-27.5,constant275,6,LM,6,21,,,,,,,,,
13,18-Mar-24,28-Mar-24,summer-constant-27.5,constant275,6,LM,7,33,,,,,,,,,
13,18-Mar-24,28-Mar-24,summer-constant-27.5,constant275,6,LM,8,27,,,,,,,,,
13,18-Mar-24,28-Mar-24,summer-constant-27.5,constant275,6,LM,9,24,,,,,,,,,
13,18-Mar-24,28-Mar-24,summer-constant-27.5,constant275,6,LM,10,24,,,,,,,,,
13,18-Mar-24,28-Mar-24,summer-constant-27.5,constant275,6,LM,11,31,,,,,,,,,
13,18-Mar-24,28-Mar-24,summer-constant-27.5,constant275,6,LM,12,25,,,,,,,,,
13,18-Mar-24,28-Mar-24,summer-constant-27.5,constant275,6,LP,1,28,0.00063,0.00988,,,,,,,
13,18-Mar-24,28-Mar-24,summer-constant-27.5,constant275,6,LP,2,20,,,,,,,,,
13,18-Mar-24,28-Mar-24,summer-constant-27.5,constant275,6,LP,3,31,,,,,,,,,
13,18-Mar-24,28-Mar-24,summer-constant-27.5,constant275,6,LP,4,15,,,,,,,,,
13,18-Mar-24,28-Mar-24,summer-constant-27.5,constant275,6,LP,5,17,,,,,,,,,
13,18-Mar-24,28-Mar-24,summer-constant-27.5,constant275,6,LP,6,22,,,,,,,,,
13,18-Mar-24,28-Mar-24,summer-constant-27.5,constant275,6,LP,7,14,,,,,,,,,
13,18-Mar-24,28-Mar-24,summer-constant-27.5,constant275,6,LP,8,22,,,,,,,,,
13,18-Mar-24,28-Mar-24,summer-constant-27.5,constant275,6,LP,9,19,,,,,,,,,
13,18-Mar-24,28-Mar-24,summer-constant-27.5,constant275,6,LP,10,20,,,,,,,,,
13,18-Mar-24,28-Mar-24,summer-constant-27.5,constant275,6,LP,11,18,,,,,,,,,
13,18-Mar-24,28-Mar-24,summer-constant-27.5,constant275,6,LP,12,20,,,,,,,,,
14,1-Apr-24,11-Apr-24,summer-nw-27.5,nw275,2,LM,1,12,0.00075,0.0043,27.46,27.43,5.31,5.32,,,
14,1-Apr-24,11-Apr-24,summer-nw-27.5,nw275,2,LM,2,9,,,,,,,,,
14,1-Apr-24,11-Apr-24,summer-nw-27.5,nw275,2,LM,3,16,,,,,,,,,
14,1-Apr-24,11-Apr-24,summer-nw-27.5,nw275,2,LM,4,2,,,,,,,,,
14,1-Apr-24,11-Apr-24,summer-nw-27.5,nw275,2,LM,5,12,,,,,,,,,
14,1-Apr-24,11-Apr-24,summer-nw-27.5,nw275,2,LM,6,8,,,,,,,,,
14,1-Apr-24,11-Apr-24,summer-nw-27.5,nw275,2,LM,7,12,,,,,,,,,
14,1-Apr-24,11-Apr-24,summer-nw-27.5,nw275,2,LM,8,15,,,,,,,,,
14,1-Apr-24,11-Apr-24,summer-nw-27.5,nw275,2,LM,9,7,,,,,,,,,
14,1-Apr-24,11-Apr-24,summer-nw-27.5,nw275,2,LM,10,12,,,,,,,,,
14,1-Apr-24,11-Apr-24,summer-nw-27.5,nw275,2,LM,11,9,,,,,,,,,
14,1-Apr-24,11-Apr-24,summer-nw-27.5,nw275,2,LM,12,15,,,,,,,,,
14,1-Apr-24,11-Apr-24,summer-nw-27.5,nw275,2,LP,1,12,0.00081,0.00393,,,,,,,
14,1-Apr-24,11-Apr-24,summer-nw-27.5,nw275,2,LP,2,12,,,,,,,,,
14,1-Apr-24,11-Apr-24,summer-nw-27.5,nw275,2,LP,3,13,,,,,,,,,
14,1-Apr-24,11-Apr-24,summer-nw-27.5,nw275,2,LP,4,11,,,,,,,,,
14,1-Apr-24,11-Apr-24,summer-nw-27.5,nw275,2,LP,5,11,,,,,,,,,
14,1-Apr-24,11-Apr-24,summer-nw-27.5,nw275,2,LP,6,13,,,,,,,,,
14,1-Apr-24,11-Apr-24,summer-nw-27.5,nw275,2,LP,7,15,,,,,,,,,
14,1-Apr-24,11-Apr-24,summer-nw-27.5,nw275,2,LP,8,13,,,,,,,,,
14,1-Apr-24,11-Apr-24,summer-nw-27.5,nw275,2,LP,9,10,,,,,,,,,
14,1-Apr-24,11-Apr-24,summer-nw-27.5,nw275,2,LP,10,14,,,,,,,,,
14,1-Apr-24,11-Apr-24,summer-nw-27.5,nw275,2,LP,11,17,,,,,,,,,
14,1-Apr-24,11-Apr-24,summer-nw-27.5,nw275,2,LP,12,13,,,,,,,,,
14,1-Apr-24,11-Apr-24,summer-constant-27.5,constant275,3,LM,1,30,0.00075,0.00797,27.5,27.5,0,0.04,,,
14,1-Apr-24,11-Apr-24,summer-constant-27.5,constant275,3,LM,2,12,,,,,,,,,
14,1-Apr-24,11-Apr-24,summer-constant-27.5,constant275,3,LM,3,16,,,,,,,,,
14,1-Apr-24,11-Apr-24,summer-constant-27.5,constant275,3,LM,4,14,,,,,,,,,
14,1-Apr-24,11-Apr-24,summer-constant-27.5,constant275,3,LM,5,23,,,,,,,,,
14,1-Apr-24,11-Apr-24,summer-constant-27.5,constant275,3,LM,6,25,,,,,,,,,
14,1-Apr-24,11-Apr-24,summer-constant-27.5,constant275,3,LM,7,22,,,,,,,,,
14,1-Apr-24,11-Apr-24,summer-constant-27.5,constant275,3,LM,8,8,,,,,,,,,
14,1-Apr-24,11-Apr-24,summer-constant-27.5,constant275,3,LM,9,28,,,,,,,,,
14,1-Apr-24,11-Apr-24,summer-constant-27.5,constant275,3,LM,10,16,,,,,,,,,
14,1-Apr-24,11-Apr-24,summer-constant-27.5,constant275,3,LM,11,20,,,,,,,,,
14,1-Apr-24,11-Apr-24,summer-constant-27.5,constant275,3,LM,12,15,,,,,,,,,
14,1-Apr-24,11-Apr-24,summer-constant-27.5,constant275,3,LP,1,21,0.00081,0.00473,,,,,,,
14,1-Apr-24,11-Apr-24,summer-constant-27.5,constant275,3,LP,2,10,,,,,,,,,
14,1-Apr-24,11-Apr-24,summer-constant-27.5,constant275,3,LP,3,18,,,,,,,,,
14,1-Apr-24,11-Apr-24,summer-constant-27.5,constant275,3,LP,4,12,,,,,,,,,
14,1-Apr-24,11-Apr-24,summer-constant-27.5,constant275,3,LP,5,17,,,,,,,,,
14,1-Apr-24,11-Apr-24,summer-constant-27.5,constant275,3,LP,6,17,,,,,,,,,
14,1-Apr-24,11-Apr-24,summer-constant-27.5,constant275,3,LP,7,22,,,,,,,,,
14,1-Apr-24,11-Apr-24,summer-constant-27.5,constant275,3,LP,8,13,,,,,,,,,
14,1-Apr-24,11-Apr-24,summer-constant-27.5,constant275,3,LP,9,16,,,,,,,,,
14,1-Apr-24,11-Apr-24,summer-constant-27.5,constant275,3,LP,10,20,,,,,,,,,
14,1-Apr-24,11-Apr-24,summer-constant-27.5,constant275,3,LP,11,16,,,,,,,,,
14,1-Apr-24,11-Apr-24,summer-constant-27.5,constant275,3,LP,12,11,,,,,,,,,
14,1-Apr-24,11-Apr-24,summer-control-24,control24,4,LM,1,17,0.00075,0.00804,23.95,23.93,7.79,7.78,,,
14,1-Apr-24,11-Apr-24,summer-control-24,control24,4,LM,2,18,,,,,,,,,
14,1-Apr-24,11-Apr-24,summer-control-24,control24,4,LM,3,15,,,,,,,,,
14,1-Apr-24,11-Apr-24,summer-control-24,control24,4,LM,4,16,,,,,,,,,
14,1-Apr-24,11-Apr-24,summer-control-24,control24,4,LM,5,15,,,,,,,,,
14,1-Apr-24,11-Apr-24,summer-control-24,control24,4,LM,6,14,,,,,,,,,
14,1-Apr-24,11-Apr-24,summer-control-24,control24,4,LM,7,16,,,,,,,,,
14,1-Apr-24,11-Apr-24,summer-control-24,control24,4,LM,8,17,,,,,,,,,
14,1-Apr-24,11-Apr-24,summer-control-24,control24,4,LM,9,13,,,,,,,,,
14,1-Apr-24,11-Apr-24,summer-control-24,control24,4,LM,10,18,,,,,,,,,
14,1-Apr-24,11-Apr-24,summer-control-24,control24,4,LM,11,20,,,,,,,,,
14,1-Apr-24,11-Apr-24,summer-control-24,control24,4,LM,12,13,,,,,,,,,
14,1-Apr-24,11-Apr-24,summer-control-24,control24,4,LP,1,11,0.00081,0.00615,,,,,,,
14,1-Apr-24,11-Apr-24,summer-control-24,control24,4,LP,2,13,,,,,,,,,
14,1-Apr-24,11-Apr-24,summer-control-24,control24,4,LP,3,20,,,,,,,,,
14,1-Apr-24,11-Apr-24,summer-control-24,control24,4,LP,4,10,,,,,,,,,
14,1-Apr-24,11-Apr-24,summer-control-24,control24,4,LP,5,12,,,,,,,,,
14,1-Apr-24,11-Apr-24,summer-control-24,control24,4,LP,6,11,,,,,,,,,
14,1-Apr-24,11-Apr-24,summer-control-24,control24,4,LP,7,15,,,,,,,,,
14,1-Apr-24,11-Apr-24,summer-control-24,control24,4,LP,8,15,,,,,,,,,
14,1-Apr-24,11-Apr-24,summer-control-24,control24,4,LP,9,15,,,,,,,,,
14,1-Apr-24,11-Apr-24,summer-control-24,control24,4,LP,10,10,,,,,,,,,
14,1-Apr-24,11-Apr-24,summer-control-24,control24,4,LP,11,10,,,,,,,,,
14,1-Apr-24,11-Apr-24,summer-control-24,control24,4,LP,12,13,,,,,,,,,
14,1-Apr-24,11-Apr-24,summer-constant-24,constant24,6,LM,1,23,0.00075,0.00803,24,23.99,0,0.05,,,
14,1-Apr-24,11-Apr-24,summer-constant-24,constant24,6,LM,2,19,,,,,,,,,
14,1-Apr-24,11-Apr-24,summer-constant-24,constant24,6,LM,3,12,,,,,,,,,
14,1-Apr-24,11-Apr-24,summer-constant-24,constant24,6,LM,4,18,,,,,,,,,
14,1-Apr-24,11-Apr-24,summer-constant-24,constant24,6,LM,5,14,,,,,,,,,
14,1-Apr-24,11-Apr-24,summer-constant-24,constant24,6,LM,6,15,,,,,,,,,
14,1-Apr-24,11-Apr-24,summer-constant-24,constant24,6,LM,7,21,,,,,,,,,
14,1-Apr-24,11-Apr-24,summer-constant-24,constant24,6,LM,8,18,,,,,,,,,
14,1-Apr-24,11-Apr-24,summer-constant-24,constant24,6,LM,9,15,,,,,,,,,
14,1-Apr-24,11-Apr-24,summer-constant-24,constant24,6,LM,10,23,,,,,,,,,
14,1-Apr-24,11-Apr-24,summer-constant-24,constant24,6,LM,11,19,,,,,,,,,
14,1-Apr-24,11-Apr-24,summer-constant-24,constant24,6,LM,12,14,,,,,,,,,
14,1-Apr-24,11-Apr-24,summer-constant-24,constant24,6,LP,1,16,0.00081,0.00731,,,,,,,
14,1-Apr-24,11-Apr-24,summer-constant-24,constant24,6,LP,2,22,,,,,,,,,
14,1-Apr-24,11-Apr-24,summer-constant-24,constant24,6,LP,3,18,,,,,,,,,
14,1-Apr-24,11-Apr-24,summer-constant-24,constant24,6,LP,4,16,,,,,,,,,
14,1-Apr-24,11-Apr-24,summer-constant-24,constant24,6,LP,5,23,,,,,,,,,
14,1-Apr-24,11-Apr-24,summer-constant-24,constant24,6,LP,6,19,,,,,,,,,
14,1-Apr-24,11-Apr-24,summer-constant-24,constant24,6,LP,7,20,,,,,,,,,
14,1-Apr-24,11-Apr-24,summer-constant-24,constant24,6,LP,8,15,,,,,,,,,
14,1-Apr-24,11-Apr-24,summer-constant-24,constant24,6,LP,9,18,,,,,,,,,
14,1-Apr-24,11-Apr-24,summer-constant-24,constant24,6,LP,10,21,,,,,,,,,
14,1-Apr-24,11-Apr-24,summer-constant-24,constant24,6,LP,11,15,,,,,,,,,
14,1-Apr-24,11-Apr-24,summer-constant-24,constant24,6,LP,12,21,,,,,,,,,
15,12-Apr-24,22-Apr-24,summer-constant-27.5,constant275,2,LM,1,19,0.001,0.00881,27.5,27.49,0,0.07,,,
15,12-Apr-24,22-Apr-24,summer-constant-27.5,constant275,2,LM,2,24,,,,,,,,,
15,12-Apr-24,22-Apr-24,summer-constant-27.5,constant275,2,LM,3,14,,,,,,,,,
15,12-Apr-24,22-Apr-24,summer-constant-27.5,constant275,2,LM,4,15,,,,,,,,,
15,12-Apr-24,22-Apr-24,summer-constant-27.5,constant275,2,LM,5,19,,,,,,,,,
15,12-Apr-24,22-Apr-24,summer-constant-27.5,constant275,2,LM,6,20,,,,,,,,,
15,12-Apr-24,22-Apr-24,summer-constant-27.5,constant275,2,LM,7,15,,,,,,,,,
15,12-Apr-24,22-Apr-24,summer-constant-27.5,constant275,2,LM,8,20,,,,,,,,,
15,12-Apr-24,22-Apr-24,summer-constant-27.5,constant275,2,LM,9,14,,,,,,,,,
15,12-Apr-24,22-Apr-24,summer-constant-27.5,constant275,2,LM,10,25,,,,,,,,,
15,12-Apr-24,22-Apr-24,summer-constant-27.5,constant275,2,LM,11,14,,,,,,,,,
15,12-Apr-24,22-Apr-24,summer-constant-27.5,constant275,2,LM,12,25,,,,,,,,,
15,12-Apr-24,22-Apr-24,summer-constant-27.5,constant275,2,LP,1,12,0.00072,0.0058,,,,,,,
15,12-Apr-24,22-Apr-24,summer-constant-27.5,constant275,2,LP,2,22,,,,,,,,,
15,12-Apr-24,22-Apr-24,summer-constant-27.5,constant275,2,LP,3,16,,,,,,,,,
15,12-Apr-24,22-Apr-24,summer-constant-27.5,constant275,2,LP,4,3,,,,,,,,,
15,12-Apr-24,22-Apr-24,summer-constant-27.5,constant275,2,LP,5,3,,,,,,,,,
15,12-Apr-24,22-Apr-24,summer-constant-27.5,constant275,2,LP,6,11,,,,,,,,,
15,12-Apr-24,22-Apr-24,summer-constant-27.5,constant275,2,LP,7,16,,,,,,,,,
15,12-Apr-24,22-Apr-24,summer-constant-27.5,constant275,2,LP,8,11,,,,,,,,,
15,12-Apr-24,22-Apr-24,summer-constant-27.5,constant275,2,LP,9,3,,,,,,,,,
15,12-Apr-24,22-Apr-24,summer-constant-27.5,constant275,2,LP,10,19,,,,,,,,,
15,12-Apr-24,22-Apr-24,summer-constant-27.5,constant275,2,LP,11,11,,,,,,,,,
15,12-Apr-24,22-Apr-24,summer-constant-27.5,constant275,2,LP,12,19,,,,,,,,,
15,12-Apr-24,22-Apr-24,summer-constant-24,constant24,3,LM,1,11,0.001,0.00938,24,23.99,0,0.05,,,
15,12-Apr-24,22-Apr-24,summer-constant-24,constant24,3,LM,2,20,,,,,,,,,
15,12-Apr-24,22-Apr-24,summer-constant-24,constant24,3,LM,3,25,,,,,,,,,
15,12-Apr-24,22-Apr-24,summer-constant-24,constant24,3,LM,4,21,,,,,,,,,
15,12-Apr-24,22-Apr-24,summer-constant-24,constant24,3,LM,5,19,,,,,,,,,
15,12-Apr-24,22-Apr-24,summer-constant-24,constant24,3,LM,6,2,,,,,,,,,
15,12-Apr-24,22-Apr-24,summer-constant-24,constant24,3,LM,7,20,,,,,,,,,
15,12-Apr-24,22-Apr-24,summer-constant-24,constant24,3,LM,8,15,,,,,,,,,
15,12-Apr-24,22-Apr-24,summer-constant-24,constant24,3,LM,9,7,,,,,,,,,
15,12-Apr-24,22-Apr-24,summer-constant-24,constant24,3,LM,10,14,,,,,,,,,
15,12-Apr-24,22-Apr-24,summer-constant-24,constant24,3,LM,11,16,,,,,,,,,
15,12-Apr-24,22-Apr-24,summer-constant-24,constant24,3,LM,12,21,,,,,,,,,
15,12-Apr-24,22-Apr-24,summer-constant-24,constant24,3,LP,1,18,0.00072,0.00456,,,,,,,
15,12-Apr-24,22-Apr-24,summer-constant-24,constant24,3,LP,2,15,,,,,,,,,
15,12-Apr-24,22-Apr-24,summer-constant-24,constant24,3,LP,3,12,,,,,,,,,
15,12-Apr-24,22-Apr-24,summer-constant-24,constant24,3,LP,4,16,,,,,,,,,
15,12-Apr-24,22-Apr-24,summer-constant-24,constant24,3,LP,5,14,,,,,,,,,
15,12-Apr-24,22-Apr-24,summer-constant-24,constant24,3,LP,6,14,,,,,,,,,
15,12-Apr-24,22-Apr-24,summer-constant-24,constant24,3,LP,7,3,,,,,,,,,
15,12-Apr-24,22-Apr-24,summer-constant-24,constant24,3,LP,8,12,,,,,,,,,
15,12-Apr-24,22-Apr-24,summer-constant-24,constant24,3,LP,9,18,,,,,,,,,
15,12-Apr-24,22-Apr-24,summer-constant-24,constant24,3,LP,10,3,,,,,,,,,
15,12-Apr-24,22-Apr-24,summer-constant-24,constant24,3,LP,11,11,,,,,,,,,
15,12-Apr-24,22-Apr-24,summer-constant-24,constant24,3,LP,12,11,,,,,,,,,
15,12-Apr-24,22-Apr-24,summer-nw-27.5,nw275,4,LM,1,17,0.001,0.0118,27.46,27.42,5.31,5.3,,,
15,12-Apr-24,22-Apr-24,summer-nw-27.5,nw275,4,LM,2,23,,,,,,,,,
15,12-Apr-24,22-Apr-24,summer-nw-27.5,nw275,4,LM,3,18,,,,,,,,,
15,12-Apr-24,22-Apr-24,summer-nw-27.5,nw275,4,LM,4,7,,,,,,,,,
15,12-Apr-24,22-Apr-24,summer-nw-27.5,nw275,4,LM,5,20,,,,,,,,,
15,12-Apr-24,22-Apr-24,summer-nw-27.5,nw275,4,LM,6,17,,,,,,,,,
15,12-Apr-24,22-Apr-24,summer-nw-27.5,nw275,4,LM,7,11,,,,,,,,,
15,12-Apr-24,22-Apr-24,summer-nw-27.5,nw275,4,LM,8,19,,,,,,,,,
15,12-Apr-24,22-Apr-24,summer-nw-27.5,nw275,4,LM,9,14,,,,,,,,,
15,12-Apr-24,22-Apr-24,summer-nw-27.5,nw275,4,LM,10,23,,,,,,,,,
15,12-Apr-24,22-Apr-24,summer-nw-27.5,nw275,4,LM,11,21,,,,,,,,,
15,12-Apr-24,22-Apr-24,summer-nw-27.5,nw275,4,LM,12,19,,,,,,,,,
15,12-Apr-24,22-Apr-24,summer-nw-27.5,nw275,4,LP,1,17,0.00072,0.00752,,,,,,,
15,12-Apr-24,22-Apr-24,summer-nw-27.5,nw275,4,LP,2,14,,,,,,,,,
15,12-Apr-24,22-Apr-24,summer-nw-27.5,nw275,4,LP,3,19,,,,,,,,,
15,12-Apr-24,22-Apr-24,summer-nw-27.5,nw275,4,LP,4,13,,,,,,,,,
15,12-Apr-24,22-Apr-24,summer-nw-27.5,nw275,4,LP,5,19,,,,,,,,,
15,12-Apr-24,22-Apr-24,summer-nw-27.5,nw275,4,LP,6,14,,,,,,,,,
15,12-Apr-24,22-Apr-24,summer-nw-27.5,nw275,4,LP,7,14,,,,,,,,,
15,12-Apr-24,22-Apr-24,summer-nw-27.5,nw275,4,LP,8,18,,,,,,,,,
15,12-Apr-24,22-Apr-24,summer-nw-27.5,nw275,4,LP,9,16,,,,,,,,,
15,12-Apr-24,22-Apr-24,summer-nw-27.5,nw275,4,LP,10,12,,,,,,,,,
15,12-Apr-24,22-Apr-24,summer-nw-27.5,nw275,4,LP,11,12,,,,,,,,,
15,12-Apr-24,22-Apr-24,summer-nw-27.5,nw275,4,LP,12,16,,,,,,,,,
15,12-Apr-24,22-Apr-24,summer-control-24,control24,6,LM,1,18,0.001,0.00897,23.95,23.92,7.79,7.79,,,
15,12-Apr-24,22-Apr-24,summer-control-24,control24,6,LM,2,18,,,,,,,,,
15,12-Apr-24,22-Apr-24,summer-control-24,control24,6,LM,3,17,,,,,,,,,
15,12-Apr-24,22-Apr-24,summer-control-24,control24,6,LM,4,15,,,,,,,,,
15,12-Apr-24,22-Apr-24,summer-control-24,control24,6,LM,5,13,,,,,,,,,
15,12-Apr-24,22-Apr-24,summer-control-24,control24,6,LM,6,13,,,,,,,,,
15,12-Apr-24,22-Apr-24,summer-control-24,control24,6,LM,7,14,,,,,,,,,
15,12-Apr-24,22-Apr-24,summer-control-24,control24,6,LM,8,23,,,,,,,,,
15,12-Apr-24,22-Apr-24,summer-control-24,control24,6,LM,9,18,,,,,,,,,
15,12-Apr-24,22-Apr-24,summer-control-24,control24,6,LM,10,18,,,,,,,,,
15,12-Apr-24,22-Apr-24,summer-control-24,control24,6,LM,11,2,,,,,,,,,
15,12-Apr-24,22-Apr-24,summer-control-24,control24,6,LM,12,18,,,,,,,,,
15,12-Apr-24,22-Apr-24,summer-control-24,control24,6,LP,1,12,0.00072,0.0046,,,,,,,
15,12-Apr-24,22-Apr-24,summer-control-24,control24,6,LP,2,5,,,,,,,,,
15,12-Apr-24,22-Apr-24,summer-control-24,control24,6,LP,3,13,,,,,,,,,
15,12-Apr-24,22-Apr-24,summer-control-24,control24,6,LP,4,8,,,,,,,,,
15,12-Apr-24,22-Apr-24,summer-control-24,control24,6,LP,5,18,,,,,,,,,
15,12-Apr-24,22-Apr-24,summer-control-24,control24,6,LP,6,9,,,,,,,,,
15,12-Apr-24,22-Apr-24,summer-control-24,control24,6,LP,7,13,,,,,,,,,
15,12-Apr-24,22-Apr-24,summer-control-24,control24,6,LP,8,16,,,,,,,,,
15,12-Apr-24,22-Apr-24,summer-control-24,control24,6,LP,9,9,,,,,,,,,
15,12-Apr-24,22-Apr-24,summer-control-24,control24,6,LP,10,9,,,,,,,,,
15,12-Apr-24,22-Apr-24,summer-control-24,control24,6,LP,11,1,,,,,,,,,
15,12-Apr-24,22-Apr-24,summer-control-24,control24,6,LP,12,11,,,,,,,,,
16,25-Sep-24,5-Oct-24,summer-all-day,allday,2,LM,1,13,,,,,,,,,
16,25-Sep-24,5-Oct-24,summer-all-day,allday,2,LM,2,14,,,,,,,,,
16,25-Sep-24,5-Oct-24,summer-all-day,allday,2,LM,3,9,,,,,,,,,
16,25-Sep-24,5-Oct-24,summer-all-day,allday,2,LM,4,11,,,,,,,,,
16,25-Sep-24,5-Oct-24,summer-all-day,allday,2,LM,5,12,,,,,,,,,
16,25-Sep-24,5-Oct-24,summer-all-day,allday,2,LM,6,9,,,,,,,,,
16,25-Sep-24,5-Oct-24,summer-all-day,allday,2,LM,7,12,,,,,,,,,
16,25-Sep-24,5-Oct-24,summer-all-day,allday,2,LM,8,12,,,,,,,,,
16,25-Sep-24,5-Oct-24,summer-all-day,allday,2,LM,9,15,,,,,,,,,
16,25-Sep-24,5-Oct-24,summer-all-day,allday,2,LM,10,12,,,,,,,,,
16,25-Sep-24,5-Oct-24,summer-all-day,allday,2,LM,11,15,,,,,,,,,
16,25-Sep-24,5-Oct-24,summer-all-day,allday,2,LM,12,14,,,,,,,,,
16,25-Sep-24,5-Oct-24,summer-all-day,allday,2,LP,1,12,,,,,,,,,
16,25-Sep-24,5-Oct-24,summer-all-day,allday,2,LP,2,11,,,,,,,,,
16,25-Sep-24,5-Oct-24,summer-all-day,allday,2,LP,3,10,,,,,,,,,
16,25-Sep-24,5-Oct-24,summer-all-day,allday,2,LP,4,7,,,,,,,,,
16,25-Sep-24,5-Oct-24,summer-all-day,allday,2,LP,5,10,,,,,,,,,
16,25-Sep-24,5-Oct-24,summer-all-day,allday,2,LP,6,13,,,,,,,,,
16,25-Sep-24,5-Oct-24,summer-all-day,allday,2,LP,7,12,,,,,,,,,
16,25-Sep-24,5-Oct-24,summer-all-day,allday,2,LP,8,9,,,,,,,,,
16,25-Sep-24,5-Oct-24,summer-all-day,allday,2,LP,9,11,,,,,,,,,
16,25-Sep-24,5-Oct-24,summer-all-day,allday,2,LP,10,11,,,,,,,,,
16,25-Sep-24,5-Oct-24,summer-all-day,allday,2,LP,11,10,,,,,,,,,
16,25-Sep-24,5-Oct-24,summer-all-day,allday,2,LP,12,8,,,,,,,,,
16,25-Sep-24,5-Oct-24,summer-random,random,3,LM,1,19,,,,,,,,,
16,25-Sep-24,5-Oct-24,summer-random,random,3,LM,2,14,,,,,,,,,
16,25-Sep-24,5-Oct-24,summer-random,random,3,LM,3,15,,,,,,,,,
16,25-Sep-24,5-Oct-24,summer-random,random,3,LM,4,16,,,,,,,,,
16,25-Sep-24,5-Oct-24,summer-random,random,3,LM,5,22,,,,,,,,,
16,25-Sep-24,5-Oct-24,summer-random,random,3,LM,6,16,,,,,,,,,
16,25-Sep-24,5-Oct-24,summer-random,random,3,LM,7,15,,,,,,,,,
16,25-Sep-24,5-Oct-24,summer-random,random,3,LM,8,19,,,,,,,,,
16,25-Sep-24,5-Oct-24,summer-random,random,3,LM,9,11,,,,,,,,,
16,25-Sep-24,5-Oct-24,summer-random,random,3,LM,10,15,,,,,,,,,
16,25-Sep-24,5-Oct-24,summer-random,random,3,LM,11,17,,,,,,,,,
16,25-Sep-24,5-Oct-24,summer-random,random,3,LM,12,15,,,,,,,,,
16,25-Sep-24,5-Oct-24,summer-random,random,3,LP,1,17,,,,,,,,,
16,25-Sep-24,5-Oct-24,summer-random,random,3,LP,2,11,,,,,,,,,
16,25-Sep-24,5-Oct-24,summer-random,random,3,LP,3,12,,,,,,,,,
16,25-Sep-24,5-Oct-24,summer-random,random,3,LP,4,13,,,,,,,,,
16,25-Sep-24,5-Oct-24,summer-random,random,3,LP,5,13,,,,,,,,,
16,25-Sep-24,5-Oct-24,summer-random,random,3,LP,6,12,,,,,,,,,
16,25-Sep-24,5-Oct-24,summer-random,random,3,LP,7,18,,,,,,,,,
16,25-Sep-24,5-Oct-24,summer-random,random,3,LP,8,15,,,,,,,,,
16,25-Sep-24,5-Oct-24,summer-random,random,3,LP,9,11,,,,,,,,,
16,25-Sep-24,5-Oct-24,summer-random,random,3,LP,10,11,,,,,,,,,
16,25-Sep-24,5-Oct-24,summer-random,random,3,LP,11,11,,,,,,,,,
16,25-Sep-24,5-Oct-24,summer-random,random,3,LP,12,14,,,,,,,,,
17,7-Oct-24,17-Oct-24,summer-random,random,3,LM,1,14,,,,,,,,,
17,7-Oct-24,17-Oct-24,summer-random,random,3,LM,2,15,,,,,,,,,
17,7-Oct-24,17-Oct-24,summer-random,random,3,LM,3,16,,,,,,,,,
17,7-Oct-24,17-Oct-24,summer-random,random,3,LM,4,2,,,,,,,,,
17,7-Oct-24,17-Oct-24,summer-random,random,3,LM,5,18,,,,,,,,,
17,7-Oct-24,17-Oct-24,summer-random,random,3,LM,6,16,,,,,,,,,
17,7-Oct-24,17-Oct-24,summer-random,random,3,LM,7,17,,,,,,,,,
17,7-Oct-24,17-Oct-24,summer-random,random,3,LM,8,15,,,,,,,,,
17,7-Oct-24,17-Oct-24,summer-random,random,3,LM,9,16,,,,,,,,,
17,7-Oct-24,17-Oct-24,summer-random,random,3,LM,10,16,,,,,,,,,
17,7-Oct-24,17-Oct-24,summer-random,random,3,LM,11,18,,,,,,,,,
17,7-Oct-24,17-Oct-24,summer-random,random,3,LM,12,18,,,,,,,,,
17,7-Oct-24,17-Oct-24,summer-random,random,3,LP,1,9,,,,,,,,,
17,7-Oct-24,17-Oct-24,summer-random,random,3,LP,2,7,,,,,,,,,
17,7-Oct-24,17-Oct-24,summer-random,random,3,LP,3,16,,,,,,,,,
17,7-Oct-24,17-Oct-24,summer-random,random,3,LP,4,14,,,,,,,,,
17,7-Oct-24,17-Oct-24,summer-random,random,3,LP,5,13,,,,,,,,,
17,7-Oct-24,17-Oct-24,summer-random,random,3,LP,6,10,,,,,,,,,
17,7-Oct-24,17-Oct-24,summer-random,random,3,LP,7,10,,,,,,,,,
17,7-Oct-24,17-Oct-24,summer-random,random,3,LP,8,11,,,,,,,,,
17,7-Oct-24,17-Oct-24,summer-random,random,3,LP,9,2,,,,,,,,,
17,7-Oct-24,17-Oct-24,summer-random,random,3,LP,10,5,,,,,,,,,
17,7-Oct-24,17-Oct-24,summer-random,random,3,LP,11,11,,,,,,,,,
17,7-Oct-24,17-Oct-24,summer-random,random,3,LP,12,11,,,,,,,,,
17,7-Oct-24,17-Oct-24,summer-all-day,allday,4,LM,1,15,,,,,,,,,
17,7-Oct-24,17-Oct-24,summer-all-day,allday,4,LM,2,19,,,,,,,,,
17,7-Oct-24,17-Oct-24,summer-all-day,allday,4,LM,3,14,,,,,,,,,
17,7-Oct-24,17-Oct-24,summer-all-day,allday,4,LM,4,12,,,,,,,,,
17,7-Oct-24,17-Oct-24,summer-all-day,allday,4,LM,5,15,,,,,,,,,
17,7-Oct-24,17-Oct-24,summer-all-day,allday,4,LM,6,10,,,,,,,,,
17,7-Oct-24,17-Oct-24,summer-all-day,allday,4,LM,7,12,,,,,,,,,
17,7-Oct-24,17-Oct-24,summer-all-day,allday,4,LM,8,14,,,,,,,,,
17,7-Oct-24,17-Oct-24,summer-all-day,allday,4,LM,9,16,,,,,,,,,
17,7-Oct-24,17-Oct-24,summer-all-day,allday,4,LM,10,12,,,,,,,,,
17,7-Oct-24,17-Oct-24,summer-all-day,allday,4,LM,11,12,,,,,,,,,
17,7-Oct-24,17-Oct-24,summer-all-day,allday,4,LM,12,16,,,,,,,,,
17,7-Oct-24,17-Oct-24,summer-all-day,allday,4,LP,1,14,,,,,,,,,
17,7-Oct-24,17-Oct-24,summer-all-day,allday,4,LP,2,9,,,,,,,,,
17,7-Oct-24,17-Oct-24,summer-all-day,allday,4,LP,3,13,,,,,,,,,
17,7-Oct-24,17-Oct-24,summer-all-day,allday,4,LP,4,15,,,,,,,,,
17,7-Oct-24,17-Oct-24,summer-all-day,allday,4,LP,5,14,,,,,,,,,
17,7-Oct-24,17-Oct-24,summer-all-day,allday,4,LP,6,15,,,,,,,,,
17,7-Oct-24,17-Oct-24,summer-all-day,allday,4,LP,7,9,,,,,,,,,
17,7-Oct-24,17-Oct-24,summer-all-day,allday,4,LP,8,8,,,,,,,,,
17,7-Oct-24,17-Oct-24,summer-all-day,allday,4,LP,9,13,,,,,,,,,
17,7-Oct-24,17-Oct-24,summer-all-day,allday,4,LP,10,10,,,,,,,,,
17,7-Oct-24,17-Oct-24,summer-all-day,allday,4,LP,11,14,,,,,,,,,
17,7-Oct-24,17-Oct-24,summer-all-day,allday,4,LP,12,15,,,,,,,,,
18,21-Oct-24,31-Oct-24,summer-random,random,4,LM,1,26,,,,,,,y,,"power outage over weekend, not using this replicate"
18,21-Oct-24,31-Oct-24,summer-random,random,4,LM,2,29,,,,,,,y,,"power outage over weekend, not using this replicate"
18,21-Oct-24,31-Oct-24,summer-random,random,4,LM,3,24,,,,,,,y,,"power outage over weekend, not using this replicate"
18,21-Oct-24,31-Oct-24,summer-random,random,4,LM,4,24,,,,,,,y,,"power outage over weekend, not using this replicate"
18,21-Oct-24,31-Oct-24,summer-random,random,4,LM,5,25,,,,,,,y,,"power outage over weekend, not using this replicate"
18,21-Oct-24,31-Oct-24,summer-random,random,4,LM,6,22,,,,,,,y,,"power outage over weekend, not using this replicate"
18,21-Oct-24,31-Oct-24,summer-random,random,4,LM,7,27,,,,,,,y,,"power outage over weekend, not using this replicate"
18,21-Oct-24,31-Oct-24,summer-random,random,4,LM,8,17,,,,,,,y,,"power outage over weekend, not using this replicate"
18,21-Oct-24,31-Oct-24,summer-random,random,4,LM,9,31,,,,,,,y,,"power outage over weekend, not using this replicate"
18,21-Oct-24,31-Oct-24,summer-random,random,4,LM,10,19,,,,,,,y,,"power outage over weekend, not using this replicate"
18,21-Oct-24,31-Oct-24,summer-random,random,4,LM,11,24,,,,,,,y,,"power outage over weekend, not using this replicate"
18,21-Oct-24,31-Oct-24,summer-random,random,4,LM,12,29,,,,,,,y,,"power outage over weekend, not using this replicate"
18,21-Oct-24,31-Oct-24,summer-random,random,4,LP,1,17,,,,,,,y,,"power outage over weekend, not using this replicate"
18,21-Oct-24,31-Oct-24,summer-random,random,4,LP,2,17,,,,,,,y,,"power outage over weekend, not using this replicate"
18,21-Oct-24,31-Oct-24,summer-random,random,4,LP,3,14,,,,,,,y,,"power outage over weekend, not using this replicate"
18,21-Oct-24,31-Oct-24,summer-random,random,4,LP,4,12,,,,,,,y,,"power outage over weekend, not using this replicate"
18,21-Oct-24,31-Oct-24,summer-random,random,4,LP,5,17,,,,,,,y,,"power outage over weekend, not using this replicate"
18,21-Oct-24,31-Oct-24,summer-random,random,4,LP,6,21,,,,,,,y,,"power outage over weekend, not using this replicate"
18,21-Oct-24,31-Oct-24,summer-random,random,4,LP,7,17,,,,,,,y,,"power outage over weekend, not using this replicate"
18,21-Oct-24,31-Oct-24,summer-random,random,4,LP,8,21,,,,,,,y,,"power outage over weekend, not using this replicate"
18,21-Oct-24,31-Oct-24,summer-random,random,4,LP,9,16,,,,,,,y,,"power outage over weekend, not using this replicate"
18,21-Oct-24,31-Oct-24,summer-random,random,4,LP,10,18,,,,,,,y,,"power outage over weekend, not using this replicate"
18,21-Oct-24,31-Oct-24,summer-random,random,4,LP,11,14,,,,,,,y,,"power outage over weekend, not using this replicate"
18,21-Oct-24,31-Oct-24,summer-random,random,4,LP,12,20,,,,,,,y,,"power outage over weekend, not using this replicate"
18,21-Oct-24,31-Oct-24,summer-all-day,allday,6,LM,1,21,,,,,,,y,,"power outage over weekend, not using this replicate"
18,21-Oct-24,31-Oct-24,summer-all-day,allday,6,LM,2,20,,,,,,,y,,"power outage over weekend, not using this replicate"
18,21-Oct-24,31-Oct-24,summer-all-day,allday,6,LM,3,16,,,,,,,y,,"power outage over weekend, not using this replicate"
18,21-Oct-24,31-Oct-24,summer-all-day,allday,6,LM,4,20,,,,,,,y,,"power outage over weekend, not using this replicate"
18,21-Oct-24,31-Oct-24,summer-all-day,allday,6,LM,5,21,,,,,,,y,,"power outage over weekend, not using this replicate"
18,21-Oct-24,31-Oct-24,summer-all-day,allday,6,LM,6,22,,,,,,,y,,"power outage over weekend, not using this replicate"
18,21-Oct-24,31-Oct-24,summer-all-day,allday,6,LM,7,19,,,,,,,y,,"power outage over weekend, not using this replicate"
18,21-Oct-24,31-Oct-24,summer-all-day,allday,6,LM,8,19,,,,,,,y,,"power outage over weekend, not using this replicate"
18,21-Oct-24,31-Oct-24,summer-all-day,allday,6,LM,9,25,,,,,,,y,,"power outage over weekend, not using this replicate"
18,21-Oct-24,31-Oct-24,summer-all-day,allday,6,LM,10,16,,,,,,,y,,"power outage over weekend, not using this replicate"
18,21-Oct-24,31-Oct-24,summer-all-day,allday,6,LM,11,18,,,,,,,y,,"power outage over weekend, not using this replicate"
18,21-Oct-24,31-Oct-24,summer-all-day,allday,6,LM,12,15,,,,,,,y,,"power outage over weekend, not using this replicate"
18,21-Oct-24,31-Oct-24,summer-all-day,allday,6,LP,1,17,,,,,,,y,,"power outage over weekend, not using this replicate"
18,21-Oct-24,31-Oct-24,summer-all-day,allday,6,LP,2,14,,,,,,,y,,"power outage over weekend, not using this replicate"
18,21-Oct-24,31-Oct-24,summer-all-day,allday,6,LP,3,15,,,,,,,y,,"power outage over weekend, not using this replicate"
18,21-Oct-24,31-Oct-24,summer-all-day,allday,6,LP,4,13,,,,,,,y,,"power outage over weekend, not using this replicate"
18,21-Oct-24,31-Oct-24,summer-all-day,allday,6,LP,5,12,,,,,,,y,,"power outage over weekend, not using this replicate"
18,21-Oct-24,31-Oct-24,summer-all-day,allday,6,LP,6,15,,,,,,,y,,"power outage over weekend, not using this replicate"
18,21-Oct-24,31-Oct-24,summer-all-day,allday,6,LP,7,14,,,,,,,y,,"power outage over weekend, not using this replicate"
18,21-Oct-24,31-Oct-24,summer-all-day,allday,6,LP,8,9,,,,,,,y,,"power outage over weekend, not using this replicate"
18,21-Oct-24,31-Oct-24,summer-all-day,allday,6,LP,9,12,,,,,,,y,,"power outage over weekend, not using this replicate"
18,21-Oct-24,31-Oct-24,summer-all-day,allday,6,LP,10,12,,,,,,,y,,"power outage over weekend, not using this replicate"
18,21-Oct-24,31-Oct-24,summer-all-day,allday,6,LP,11,24,,,,,,,y,,"power outage over weekend, not using this replicate"
18,21-Oct-24,31-Oct-24,summer-all-day,allday,6,LP,12,13,,,,,,,y,,"power outage over weekend, not using this replicate"
19,1-Nov-24,11-Nov-24,summer-random,random,3,LM,1,17,,,,,,,,,
19,1-Nov-24,11-Nov-24,summer-random,random,3,LM,2,13,,,,,,,,,
19,1-Nov-24,11-Nov-24,summer-random,random,3,LM,3,15,,,,,,,,,
19,1-Nov-24,11-Nov-24,summer-random,random,3,LM,4,18,,,,,,,,,
19,1-Nov-24,11-Nov-24,summer-random,random,3,LM,5,18,,,,,,,,,
19,1-Nov-24,11-Nov-24,summer-random,random,3,LM,6,19,,,,,,,,,
19,1-Nov-24,11-Nov-24,summer-random,random,3,LM,7,13,,,,,,,,,
19,1-Nov-24,11-Nov-24,summer-random,random,3,LM,8,15,,,,,,,,,
19,1-Nov-24,11-Nov-24,summer-random,random,3,LM,9,19,,,,,,,,,
19,1-Nov-24,11-Nov-24,summer-random,random,3,LM,10,9,,,,,,,,,
19,1-Nov-24,11-Nov-24,summer-random,random,3,LM,11,20,,,,,,,,,
19,1-Nov-24,11-Nov-24,summer-random,random,3,LM,12,13,,,,,,,,,
19,1-Nov-24,11-Nov-24,summer-random,random,3,LP,1,12,,,,,,,,,
19,1-Nov-24,11-Nov-24,summer-random,random,3,LP,2,9,,,,,,,,,
19,1-Nov-24,11-Nov-24,summer-random,random,3,LP,3,12,,,,,,,,,
19,1-Nov-24,11-Nov-24,summer-random,random,3,LP,4,13,,,,,,,,,
19,1-Nov-24,11-Nov-24,summer-random,random,3,LP,5,10,,,,,,,,,
19,1-Nov-24,11-Nov-24,summer-random,random,3,LP,6,9,,,,,,,,,
19,1-Nov-24,11-Nov-24,summer-random,random,3,LP,7,15,,,,,,,,,
19,1-Nov-24,11-Nov-24,summer-random,random,3,LP,8,11,,,,,,,,,
19,1-Nov-24,11-Nov-24,summer-random,random,3,LP,9,13,,,,,,,,,
19,1-Nov-24,11-Nov-24,summer-random,random,3,LP,10,2,,,,,,,,,
19,1-Nov-24,11-Nov-24,summer-random,random,3,LP,11,11,,,,,,,,,
19,1-Nov-24,11-Nov-24,summer-random,random,3,LP,12,14,,,,,,,,,
19,1-Nov-24,11-Nov-24,summer-all-day,allday,4,LM,1,14,,,,,,,,,
19,1-Nov-24,11-Nov-24,summer-all-day,allday,4,LM,2,12,,,,,,,,,
19,1-Nov-24,11-Nov-24,summer-all-day,allday,4,LM,3,14,,,,,,,,,
19,1-Nov-24,11-Nov-24,summer-all-day,allday,4,LM,4,13,,,,,,,,,
19,1-Nov-24,11-Nov-24,summer-all-day,allday,4,LM,5,12,,,,,,,,,
19,1-Nov-24,11-Nov-24,summer-all-day,allday,4,LM,6,9,,,,,,,,,
19,1-Nov-24,11-Nov-24,summer-all-day,allday,4,LM,7,12,,,,,,,,,
19,1-Nov-24,11-Nov-24,summer-all-day,allday,4,LM,8,12,,,,,,,,,
19,1-Nov-24,11-Nov-24,summer-all-day,allday,4,LM,9,15,,,,,,,,,
19,1-Nov-24,11-Nov-24,summer-all-day,allday,4,LM,10,13,,,,,,,,,
19,1-Nov-24,11-Nov-24,summer-all-day,allday,4,LM,11,9,,,,,,,,,
19,1-Nov-24,11-Nov-24,summer-all-day,allday,4,LM,12,12,,,,,,,,,
19,1-Nov-24,11-Nov-24,summer-all-day,allday,4,LP,1,10,,,,,,,,,
19,1-Nov-24,11-Nov-24,summer-all-day,allday,4,LP,2,9,,,,,,,,,
19,1-Nov-24,11-Nov-24,summer-all-day,allday,4,LP,3,14,,,,,,,,,
19,1-Nov-24,11-Nov-24,summer-all-day,allday,4,LP,4,12,,,,,,,,,
19,1-Nov-24,11-Nov-24,summer-all-day,allday,4,LP,5,14,,,,,,,,,
19,1-Nov-24,11-Nov-24,summer-all-day,allday,4,LP,6,15,,,,,,,,,
19,1-Nov-24,11-Nov-24,summer-all-day,allday,4,LP,7,8,,,,,,,,,
19,1-Nov-24,11-Nov-24,summer-all-day,allday,4,LP,8,8,,,,,,,,,
19,1-Nov-24,11-Nov-24,summer-all-day,allday,4,LP,9,9,,,,,,,,,
19,1-Nov-24,11-Nov-24,summer-all-day,allday,4,LP,10,14,,,,,,,,,
19,1-Nov-24,11-Nov-24,summer-all-day,allday,4,LP,11,9,,,,,,,,,
19,1-Nov-24,11-Nov-24,summer-all-day,allday,4,LP,12,12,,,,,,,,,
20,11-Nov-24,21-Nov-24,summer-all-day,allday,3,LM,1,12,,,,,,,,,
20,11-Nov-24,21-Nov-24,summer-all-day,allday,3,LM,2,12,,,,,,,,,
20,11-Nov-24,21-Nov-24,summer-all-day,allday,3,LM,3,9,,,,,,,,,
20,11-Nov-24,21-Nov-24,summer-all-day,allday,3,LM,4,12,,,,,,,,,
20,11-Nov-24,21-Nov-24,summer-all-day,allday,3,LM,5,12,,,,,,,,,
20,11-Nov-24,21-Nov-24,summer-all-day,allday,3,LM,6,12,,,,,,,,,
20,11-Nov-24,21-Nov-24,summer-all-day,allday,3,LM,7,12,,,,,,,,,
20,11-Nov-24,21-Nov-24,summer-all-day,allday,3,LM,8,13,,,,,,,,,
20,11-Nov-24,21-Nov-24,summer-all-day,allday,3,LM,9,13,,,,,,,,,
20,11-Nov-24,21-Nov-24,summer-all-day,allday,3,LM,10,12,,,,,,,,,
20,11-Nov-24,21-Nov-24,summer-all-day,allday,3,LM,11,12,,,,,,,,,
20,11-Nov-24,21-Nov-24,summer-all-day,allday,3,LM,12,13,,,,,,,,,
20,11-Nov-24,21-Nov-24,summer-all-day,allday,3,LP,1,7,,,,,,,,,
20,11-Nov-24,21-Nov-24,summer-all-day,allday,3,LP,2,14,,,,,,,,,
20,11-Nov-24,21-Nov-24,summer-all-day,allday,3,LP,3,8,,,,,,,,,
20,11-Nov-24,21-Nov-24,summer-all-day,allday,3,LP,4,11,,,,,,,,,
20,11-Nov-24,21-Nov-24,summer-all-day,allday,3,LP,5,11,,,,,,,,,
20,11-Nov-24,21-Nov-24,summer-all-day,allday,3,LP,6,8,,,,,,,,,
20,11-Nov-24,21-Nov-24,summer-all-day,allday,3,LP,7,12,,,,,,,,,
20,11-Nov-24,21-Nov-24,summer-all-day,allday,3,LP,8,10,,,,,,,,,
20,11-Nov-24,21-Nov-24,summer-all-day,allday,3,LP,9,8,,,,,,,,,
20,11-Nov-24,21-Nov-24,summer-all-day,allday,3,LP,10,8,,,,,,,,,
20,11-Nov-24,21-Nov-24,summer-all-day,allday,3,LP,11,8,,,,,,,,,
20,11-Nov-24,21-Nov-24,summer-all-day,allday,3,LP,12,5,,,,,,,,,
20,11-Nov-24,21-Nov-24,summer-random,random,6,LM,1,24,,,,,,,,,
20,11-Nov-24,21-Nov-24,summer-random,random,6,LM,2,22,,,,,,,,,
20,11-Nov-24,21-Nov-24,summer-random,random,6,LM,3,21,,,,,,,,,
20,11-Nov-24,21-Nov-24,summer-random,random,6,LM,4,20,,,,,,,,,
20,11-Nov-24,21-Nov-24,summer-random,random,6,LM,5,21,,,,,,,,,
20,11-Nov-24,21-Nov-24,summer-random,random,6,LM,6,26,,,,,,,,,
20,11-Nov-24,21-Nov-24,summer-random,random,6,LM,7,25,,,,,,,,,
20,11-Nov-24,21-Nov-24,summer-random,random,6,LM,8,21,,,,,,,,,
20,11-Nov-24,21-Nov-24,summer-random,random,6,LM,9,26,,,,,,,,,
20,11-Nov-24,21-Nov-24,summer-random,random,6,LM,10,25,,,,,,,,,
20,11-Nov-24,21-Nov-24,summer-random,random,6,LM,11,24,,,,,,,,,
20,11-Nov-24,21-Nov-24,summer-random,random,6,LM,12,26,,,,,,,,,
20,11-Nov-24,21-Nov-24,summer-random,random,6,LP,1,13,,,,,,,,,
20,11-Nov-24,21-Nov-24,summer-random,random,6,LP,2,12,,,,,,,,,
20,11-Nov-24,21-Nov-24,summer-random,random,6,LP,3,17,,,,,,,,,
20,11-Nov-24,21-Nov-24,summer-random,random,6,LP,4,12,,,,,,,,,
20,11-Nov-24,21-Nov-24,summer-random,random,6,LP,5,9,,,,,,,,,
20,11-Nov-24,21-Nov-24,summer-random,random,6,LP,6,20,,,,,,,,,
20,11-Nov-24,21-Nov-24,summer-random,random,6,LP,7,10,,,,,,,,,
20,11-Nov-24,21-Nov-24,summer-random,random,6,LP,8,14,,,,,,,,,
20,11-Nov-24,21-Nov-24,summer-random,random,6,LP,9,12,,,,,,,,,
20,11-Nov-24,21-Nov-24,summer-random,random,6,LP,10,9,,,,,,,,,
20,11-Nov-24,21-Nov-24,summer-random,random,6,LP,11,16,,,,,,,,,
20,11-Nov-24,21-Nov-24,summer-random,random,6,LP,12,17,,,,,,,,,
